0.054836810122855614,0.0008306144999191656,0.9,0.9
0.25552349019115145,0.0009458396134805004,0.9,0.9
0.4562101752479609,0.001052793044648293,0.9,0.9
0.6568968725700721,0.0011341199905612598,0.9,0.9
0.8575835776827923,0.0011912211861605758,0.9,0.9
1.0582702878017969,0.0012299853889167535,0.9,0.9
1.2589570014770162,0.0012344878583421806,0.9,0.9
1.459643713778793,0.0012102111753619076,0.9,0.9
1.6603304189477248,0.0011516271841157978,0.9,0.9
1.8610171115125271,0.0010589557961097444,0.9,0.9
2.0617037834870517,0.0009297427993217922,0.9,0.9
2.2623904425953443,0.000781987881087659,0.9,0.9
2.4630770697719084,0.0005952108371507938,0.9,0.9
2.6637636942634546,0.0004073815283136716,0.9,0.9
2.864450295781333,0.000195572587368979,0.9,0.9
3.065136886806013,-2.5458054054019953e-05,0.9500000000000001,0.9500000000000001
3.265823482801122,-0.00024145123770635777,0.9500000000000001,0.9500000000000001
3.466510053407849,-0.0004816342805913629,0.9500000000000001,0.9500000000000001
3.667196651503807,-0.0006956724167255282,0.9500000000000001,0.9500000000000001
3.867883240697454,-0.0009189873728889518,0.9500000000000001,0.9500000000000001
4.068569854331204,-0.0011186618286077167,0.9500000000000001,0.9500000000000001
4.269256484027552,-0.0013007338250539764,0.9500000000000001,0.9500000000000001
4.469943122079412,-0.0014751818654156243,0.9500000000000001,0.9500000000000001
4.670629788932011,-0.0016117669835741795,0.9500000000000001,0.9500000000000001
4.87131646842493,-0.0017291011908288961,0.9500000000000001,0.9500000000000001
5.072003168334194,-0.0018041580080095756,0.9500000000000001,0.9500000000000001
5.272689877933274,-0.001844285455878284,0.9500000000000001,0.9500000000000001
5.473376591510492,-0.0018408886555289817,0.9500000000000001,0.9500000000000001
5.674063299308587,-0.0017934790701827333,0.9500000000000001,0.9500000000000001
5.874749982692432,-0.00168411636845772,0.9500000000000001,0.9500000000000001
6.075436637415601,-0.0015337199674660693,0.9500000000000001,0.9500000000000001
6.276123227257098,-0.0013111449586142134,0.9500000000000001,0.9500000000000001
6.4768097349355225,-0.0010274296752199213,0.9500000000000001,0.9500000000000001
6.677496152351524,-0.0006860019245785614,0.9500000000000001,0.9500000000000001
6.87818233178702,-0.00022361452829425642,0.9500000000000001,0.9500000000000001
7.078868400600844,0.00027889162792372443,0.9,0.9
7.279554208986445,0.0008794751951859963,0.9,0.9
7.480239506910693,0.0016315424156466169,0.9,0.9
7.680924596235803,0.0024341816005897772,0.9,0.9
7.881608894455012,0.0034191404093045588,0.9,0.9
8.082293415505738,0.004352458169378252,0.9,0.9
8.282978141722309,0.005241486487186461,0.9,0.9
8.483663573415162,0.005956593632356415,0.9,0.9
8.684349765389113,0.006405119476516506,0.9,0.9
8.885036372597007,0.006409988788664039,0.9,0.9
9.08571316910804,0.005032803225962116,0.9,0.9
9.286217959265025,-0.002040600667320178,0.9500000000000001,0.9500000000000001
9.486227063042211,-0.016665636426676397,0.9500000000000001,0.9500000000000001
9.683578335238638,-0.05156272937784225,0.9656603957913984,0.9656603957913984
9.869703523067887,-0.12446555989836297,1.0124228365658294,1.0124228365658294
10.021040926574562,-0.2542872444123495,0.9899494936611666,0.9899494936611666
10.113334151736582,-0.43173971227388425,0.9486832980505139,0.9486832980505139
10.179912245062031,-0.6206016839717652,0.9192388155425117,0.9192388155425117
10.235755073017783,-0.8132763974711364,0.912414379544733,0.912414379544733
10.291102774002859,-1.006171117856793,0.912414379544733,0.912414379544733
10.346826300779474,-1.1989647727692498,0.9178779875342911,0.9178779875342911
10.406661769084046,-1.390509464022678,0.9340770846134703,0.9340770846134703
10.474569082179832,-1.5793507916293352,0.9178779875342911,0.9178779875342911
10.546479238283954,-1.7667092313830257,0.8860022573334675,0.8860022573334675
10.621334951272026,-1.9529118958164478,0.9013878188659974,0.9013878188659974
10.698484670666545,-2.138175980907119,0.894427190999916,0.894427190999916
10.777337605275193,-2.322721898346338,0.9178779875342911,0.9178779875342911
10.857324403952157,-2.506779495560239,0.9340770846134703,0.9340770846134703
10.93796470146832,-2.6905518656965084,0.9178779875342911,0.9178779875342911
11.01858937428581,-2.8743310173065515,0.9192388155425117,0.9192388155425117
11.098927711601101,-3.0582355494212,0.894427190999916,0.894427190999916
11.178560960402642,-3.242446398231457,0.9192388155425117,0.9192388155425117
11.257028272516132,-3.427156998413254,0.9192388155425117,0.9192388155425117
11.334416292436865,-3.612321971629068,0.9178779875342911,0.9178779875342911
11.410252471651223,-3.7981277175168047,0.9178779875342911,0.9178779875342911
11.484140123629592,-3.9847167961979983,0.9192388155425117,0.9192388155425117
11.556047402563511,-4.1720775029752835,0.9192388155425117,0.9192388155425117
11.625530355513007,-4.3603504090848935,0.9192388155425117,0.9192388155425117
11.69241020293709,-4.549563640293476,0.9178779875342911,0.9178779875342911
11.756793724150722,-4.7396413675762155,0.9340770846134703,0.9340770846134703
11.818678388633497,-4.930546244479603,0.9013878188659974,0.9013878188659974
11.877999683064482,-5.122263786682329,0.8860022573334675,0.8860022573334675
11.934882077988064,-5.314719114017735,0.8860022573334675,0.8860022573334675
11.989380112218786,-5.507863230949488,0.8860022573334675,0.8860022573334675
12.04155268003314,-5.7016485240198,0.8860022573334675,0.8860022573334675
12.091547033204971,-5.896007380709642,0.9055385138137417,0.9055385138137417
12.139595470245226,-6.090856619098915,0.912414379544733,0.912414379544733
12.185930936658389,-6.286120469090163,0.912414379544733,0.912414379544733
12.23072393668448,-6.481744148356937,0.9219544457292888,0.9219544457292888
12.274304682569781,-6.677641492838168,0.9219544457292888,0.9219544457292888
12.316861405269618,-6.873763922897049,0.9340770846134703,0.9340770846134703
12.358531490825682,-7.070076822449628,0.9219544457292888,0.9219544457292888
12.399734942414634,-7.266488160201696,0.9013878188659974,0.9013878188659974
12.440512277703254,-7.462988433019881,0.9013878188659974,0.9013878188659974
12.481234025122083,-7.659500237076202,0.9055385138137417,0.9055385138137417
12.522137923674174,-7.85597418678738,0.912414379544733,0.912414379544733
12.56339884658737,-8.0523734181542,0.912414379544733,0.912414379544733
12.605331283680504,-8.248630343533689,0.9219544457292888,0.9219544457292888
12.6481487055087,-8.444695888547953,0.8860022573334675,0.8860022573334675
12.691840609749129,-8.640568343163865,0.8860022573334675,0.8860022573334675
12.736259364835515,-8.836277543638815,0.9013878188659974,0.9013878188659974
12.781495923995482,-9.031799301459301,0.9013878188659974,0.9013878188659974
12.8272793277956,-9.227193669716856,0.9055385138137417,0.9055385138137417
12.873288787528576,-9.422535105994626,0.912414379544733,0.912414379544733
12.919609856383765,-9.617802852722543,0.912414379544733,0.912414379544733
12.965870204981789,-9.813085050745753,0.9219544457292888,0.9219544457292888
13.012061378579611,-10.008383576618364,0.9219544457292888,0.9219544457292888
13.057905007262166,-10.203763998026126,0.9340770846134703,0.9340770846134703
13.103266993399904,-10.39925677247362,0.912414379544733,0.912414379544733
13.148027640739231,-10.594888065679303,0.9055385138137417,0.9055385138137417
13.192032004026844,-10.790690852304943,0.912414379544733,0.912414379544733
13.234905915713115,-10.986744272043607,0.912414379544733,0.912414379544733
13.276969613184924,-11.18297305779002,0.912414379544733,0.912414379544733
13.317973909311654,-11.379425567713277,0.9219544457292888,0.9219544457292888
13.358554178139347,-11.575966558484565,0.9219544457292888,0.9219544457292888
13.398513350704404,-11.772634759525095,0.8860022573334675,0.8860022573334675
13.438439109315551,-11.969309842868938,0.8860022573334675,0.8860022573334675
13.479025927143663,-12.165849339702623,0.9013878188659974,0.9013878188659974
13.52107001724655,-12.362081899879042,0.9013878188659974,0.9013878188659974
13.56539960423071,-12.557810018852637,0.9055385138137417,0.9055385138137417
13.612734801719572,-12.752831977239733,0.912414379544733,0.912414379544733
13.663835545872859,-12.946899966831394,0.9219544457292888,0.9219544457292888
13.719500872167476,-13.139707083384764,0.9219544457292888,0.9219544457292888
13.78048321251513,-13.330896853646077,0.9340770846134703,0.9340770846134703
13.8473162343635,-13.52011987255228,0.9340770846134703,0.9340770846134703
13.919913313205257,-13.707208713971639,0.9394147114027969,0.9394147114027969
13.997631100419781,-13.892230438533952,0.9178779875342911,0.9178779875342911
14.07976428597713,-14.07533630989413,0.9178779875342911,0.9178779875342911
14.165684330877506,-14.256697263400582,0.9178779875342911,0.9178779875342911
14.254728969594895,-14.436545716377777,0.9394147114027969,0.9394147114027969
14.34627324415077,-14.6151355709809,0.894427190999916,0.894427190999916
14.439671095766494,-14.792763751783442,0.9178779875342911,0.9178779875342911
14.534251001294061,-14.969765923860345,0.9178779875342911,0.9178779875342911
14.629373371014191,-15.146477196587721,0.9178779875342911,0.9178779875342911
14.724447248056675,-15.323214608892943,0.9178779875342911,0.9178779875342911
14.81920718761593,-15.500120315493811,0.9178779875342911,0.9178779875342911
14.913139921222399,-15.677466612004773,0.9178779875342911,0.9178779875342911
15.005933498900305,-15.85541135296976,0.9300537618869138,0.9300537618869138
15.097194394029007,-16.03414665404435,0.9178779875342911,0.9178779875342911
15.18662442316938,-16.213804354436693,0.9178779875342911,0.9178779875342911
15.274643546382697,-16.39415890016367,0.9394147114027969,0.9394147114027969
15.361794740338482,-16.57493431989632,0.9394147114027969,0.9394147114027969
15.448838735342163,-16.755761457264455,0.894427190999916,0.894427190999916
15.536986699181778,-16.936051815313952,0.9178779875342911,0.9178779875342911
15.627262790064702,-17.115283787809428,0.9178779875342911,0.9178779875342911
15.72085712504397,-17.292805822579332,0.9394147114027969,0.9394147114027969
15.816475703384489,-17.469245423696286,0.9178779875342911,0.9178779875342911
15.910726833017339,-17.64641844376725,0.9178779875342911,0.9178779875342911
16.004286335479264,-17.823961114514834,0.9178779875342911,0.9178779875342911
16.0970711371806,-18.001874424694005,0.894427190999916,0.894427190999916
16.188281336383415,-18.18050134527015,0.9178779875342911,0.9178779875342911
16.277504574328116,-18.35983686289085,0.9340770846134703,0.9340770846134703
16.36336857825402,-18.540557940642028,0.9394147114027969,0.9394147114027969
16.442926841360595,-18.724692774792977,0.9848857801796105,0.9848857801796105
16.490894940192376,-18.918806544568653,1.0295630140987002,1.0295630140987002
16.509591112719864,-19.118012626348154,1.0735455276791945,1.0735455276791945
16.46153436877234,-19.31163104056708,1.2093386622447824,1.2093386622447824
16.351126134747698,-19.47829219707356,1.2806248474865698,1.2806248474865698
16.19873800358933,-19.607807290940595,1.140175425099138,1.140175425099138
16.0120186638701,-19.678796478337716,1.0594810050208545,1.0594810050208545
15.812395530967883,-19.694774598950715,1.0111874208078342,1.0111874208078342
15.612758330763976,-19.67565471581959,0.97082439194738,0.97082439194738
15.41480060025233,-19.644807992977483,0.9513148795220223,0.9513148795220223
15.218869595234166,-19.6020821383943,0.9340770846134703,0.9340770846134703
15.023024370646137,-19.558666381770422,0.9219544457292888,0.9219544457292888
14.828130490326782,-19.51081299950008,0.9219544457292888,0.9219544457292888
14.632640512435112,-19.465454703060526,0.912414379544733,0.912414379544733
14.436304904446887,-19.423905874823873,0.912414379544733,0.912414379544733
14.239508584801328,-19.384592480896334,0.9055385138137417,0.9055385138137417
14.042420340872471,-19.346759580194476,0.9013878188659974,0.9013878188659974
13.845366657786764,-19.30874715048089,0.9219544457292888,0.9219544457292888
13.648654582870893,-19.26901074638395,0.9219544457292888,0.9219544457292888
13.452607459353127,-19.226135362086946,0.9219544457292888,0.9219544457292888
13.257645712340022,-19.178577334556955,0.912414379544733,0.912414379544733
13.064279549195005,-19.124898368208456,0.912414379544733,0.912414379544733
12.87266483137557,-19.065291544305598,0.912414379544733,0.912414379544733
12.68332713150471,-18.998783816660875,0.873212459828649,0.873212459828649
12.495992327953562,-18.926820998770545,0.9178779875342911,0.9178779875342911
12.31039526813275,-18.850482701943314,0.9394147114027969,0.9394147114027969
12.126187750846462,-18.770845811679838,0.9192388155425117,0.9192388155425117
11.942856999506025,-18.689206879506052,0.9178779875342911,0.9178779875342911
11.760220704566684,-18.606027078076465,0.9394147114027969,0.9394147114027969
11.577972351746876,-18.521999304448308,0.9340770846134703,0.9340770846134703
11.395705548132097,-18.438012648907673,0.9178779875342911,0.9178779875342911
11.213514419230213,-18.35386071419261,0.9340770846134703,0.9340770846134703
11.031209244795237,-18.26995636547889,0.9394147114027969,0.9394147114027969
10.848914976537264,-18.186028091895764,0.9192388155425117,0.9192388155425117
10.666568920740094,-18.102212387263503,0.9192388155425117,0.9192388155425117
10.484187725770948,-18.01847317342367,0.9394147114027969,0.9394147114027969
10.301802129952856,-17.93474360680628,0.9013878188659974,0.9013878188659974
10.119383500225444,-17.851086069776553,0.9192388155425117,0.9192388155425117
9.936923901180295,-17.767517925617685,0.9394147114027969,0.9394147114027969
9.754485010604204,-17.683904725708135,0.9013878188659974,0.9013878188659974
9.571952372407663,-17.600496110423276,0.9192388155425117,0.9192388155425117
9.389464302102796,-17.516990321464707,0.9394147114027969,0.9394147114027969
9.206917014139055,-17.433613884240465,0.9013878188659974,0.9013878188659974
9.024365769667748,-17.350246204595383,0.9192388155425117,0.9192388155425117
8.841796787050134,-17.266917284199813,0.9394147114027969,0.9394147114027969
8.659173555367465,-17.18370723472183,0.9013878188659974,0.9013878188659974
8.47653132517451,-17.10053890653851,0.9192388155425117,0.9192388155425117
8.293823261773081,-17.017515326035912,0.9340770846134703,0.9340770846134703
8.110993465260579,-16.93476050843399,0.894427190999916,0.894427190999916
7.927974998420147,-16.852423430785553,0.9340770846134703,0.9340770846134703
7.744603479700552,-16.77087584580105,0.9340770846134703,0.9340770846134703
7.560848110624105,-16.690197621991775,0.894427190999916,0.894427190999916
7.376623010627054,-16.610598693708706,0.9340770846134703,0.9340770846134703
7.191859886910741,-16.53225685391422,0.9340770846134703,0.9340770846134703
7.006490947547053,-16.455358891068336,0.9192388155425117,0.9192388155425117
6.820411447559293,-16.380196828345625,0.9192388155425117,0.9192388155425117
6.633662993973833,-16.306712670385416,0.9192388155425117,0.9192388155425117
6.446318103036768,-16.23476217696009,0.9192388155425117,0.9192388155425117
6.258467029784422,-16.16414340087814,0.9192388155425117,0.9192388155425117
6.070184700061434,-16.094682074348682,0.894427190999916,0.894427190999916
5.881544466753944,-16.026199024626067,0.9192388155425117,0.9192388155425117
5.692666471721575,-15.958374371546524,0.9340770846134703,0.9340770846134703
5.5035982776222765,-15.891081218025677,0.8860022573334675,0.8860022573334675
5.314407431844643,-15.82413362435412,0.9178779875342911,0.9178779875342911
5.125159637843496,-15.757347193162484,0.9340770846134703,0.9340770846134703
4.9358594124407915,-15.6907095298216,0.9013878188659974,0.9013878188659974
4.746539530524401,-15.624127704988139,0.9192388155425117,0.9192388155425117
4.5571860781275495,-15.557641439530256,0.9340770846134703,0.9340770846134703
4.367832423121361,-15.491155735704695,0.9013878188659974,0.9013878188659974
4.178493997056165,-15.424626668361151,0.9192388155425117,0.9192388155425117
3.9891646531589005,-15.358071753785838,0.9192388155425117,0.9192388155425117
3.799818431210192,-15.291564878736212,0.9192388155425117,0.9192388155425117
3.61043379059407,-15.225167512527788,0.9192388155425117,0.9192388155425117
3.4209696130201315,-15.15899742558154,0.9340770846134703,0.9340770846134703
3.2313982279372775,-15.093135221921361,0.9013878188659974,0.9013878188659974
3.0416954164436576,-15.027652529169794,0.9192388155425117,0.9192388155425117
2.8518228431543204,-14.962663752639832,0.9192388155425117,0.9192388155425117
2.6617612421139434,-14.898229956484116,0.8860022573334675,0.8860022573334675
2.4714752156833297,-14.834462019065116,0.9013878188659974,0.9013878188659974
2.2809389928579242,-14.771445899704402,0.9192388155425117,0.9192388155425117
2.09013252899156,-14.709253245003627,0.9340770846134703,0.9340770846134703
1.8990796250062623,-14.647822190659845,0.9013878188659974,0.9013878188659974
1.7077377000855878,-14.587296839057249,0.9013878188659974,0.9013878188659974
1.5161284552430145,-14.527622337116945,0.9192388155425117,0.9192388155425117
1.3246735998761388,-14.467455964653274,0.9340770846134703,0.9340770846134703
1.1341015196345636,-14.404561655545276,0.9192388155425117,0.9192388155425117
0.94478317688274,-14.33808983069861,0.9192388155425117,0.9192388155425117
0.7565629374406723,-14.268841424371608,0.9192388155425117,0.9192388155425117
0.5743223389677408,-14.185383082030981,0.9300537618869138,0.9300537618869138
0.4035150452704895,-14.080682279373294,0.95524865872714,0.95524865872714
0.2557917773307829,-13.945613580738149,0.97082439194738,0.97082439194738
0.13840648554125806,-13.783540030100879,1.0307764064044151,1.0307764064044151
0.07121510383406553,-13.595088527868299,1.019803902718557,1.019803902718557
0.05332668589518168,-13.395767280564817,1.0,1.0
0.0837066580649091,-13.19781336529667,0.9848857801796105,0.9848857801796105
0.1513088562735503,-13.009036593949853,0.9656603957913984,0.9656603957913984
0.25609529584311563,-12.838228930415783,0.9192388155425117,0.9192388155425117
0.38550764235460505,-12.685103852332496,0.8845903006477066,0.8845903006477066
0.5333296697729,-12.549535472477448,0.8514693182963202,0.8514693182963202
0.691801708414736,-12.426525390270433,0.8746427842267951,0.8746427842267951
0.8578850290125078,-12.313921951200406,0.9013878188659974,0.9013878188659974
1.0286383730172295,-12.208492646625068,0.9013878188659974,0.9013878188659974
1.2014630013726786,-12.106481740640891,0.9300537618869138,0.9300537618869138
1.3761136826412614,-12.007635918280418,0.9178779875342911,0.9178779875342911
1.5536054445703338,-11.913998036268937,0.9178779875342911,0.9178779875342911
1.7345861529884827,-11.827309767118537,0.894427190999916,0.894427190999916
1.9191118350095777,-11.748451993159483,0.873212459828649,0.873212459828649
2.1071184639805294,-11.678296776727212,0.9013878188659974,0.9013878188659974
2.298163330790916,-11.616902786498429,0.9013878188659974,0.9013878188659974
2.491991753683206,-11.564958976769983,0.9013878188659974,0.9013878188659974
2.688149290580287,-11.52265652840346,0.9013878188659974,0.9013878188659974
2.886182606868546,-11.490249473542853,0.8860022573334675,0.8860022573334675
3.0855727796315247,-11.467636987438244,0.9013878188659974,0.9013878188659974
3.2858458108310558,-11.455060756885818,0.9340770846134703,0.9340770846134703
3.486493482398495,-11.452478105713542,0.9500000000000001,0.9500000000000001
3.687018389261519,-11.459951986031465,0.9340770846134703,0.9340770846134703
3.886912447241962,-11.477555357723471,0.9013878188659974,0.9013878188659974
4.085773020937928,-11.504445616626558,0.9486832980505139,0.9486832980505139
4.283305145527883,-11.53980967815114,0.9055385138137417,0.9055385138137417
4.479355825471162,-11.582644385019448,0.912414379544733,0.912414379544733
4.673823952225206,-11.632185891777116,0.912414379544733,0.912414379544733
4.866737000984034,-11.687479735503848,0.9013878188659974,0.9013878188659974
5.0581760503182664,-11.747682739165349,0.8860022573334675,0.8860022573334675
5.248232425128498,-11.81212308952182,0.9340770846134703,0.9340770846134703
5.4368537365051655,-11.880651020279277,0.9178779875342911,0.9178779875342911
5.624156582873876,-11.952705120666458,0.9340770846134703,0.9340770846134703
5.810222433029277,-12.027897334958677,0.9013878188659974,0.9013878188659974
5.995136596629717,-12.105879609087712,0.9192388155425117,0.9192388155425117
6.1789259428110945,-12.186477715421756,0.9178779875342911,0.9178779875342911
6.361567807817434,-12.269643181614702,0.9178779875342911,0.9178779875342911
6.543089274652638,-12.355227228521048,0.9178779875342911,0.9178779875342911
6.7236378121180085,-12.442846061507035,0.9178779875342911,0.9178779875342911
6.903396493354307,-12.532074880839641,0.9178779875342911,0.9178779875342911
7.08256171923526,-12.62248995151177,0.9300537618869138,0.9300537618869138
7.261253728701079,-12.71383713127776,0.9178779875342911,0.9178779875342911
7.43988701169046,-12.805299119108755,0.9300537618869138,0.9300537618869138
7.618822601660763,-12.896165901934264,0.894427190999916,0.894427190999916
7.798749601205972,-12.98505234588602,0.9178779875342911,0.9178779875342911
7.980400887724157,-13.070347132164061,0.9340770846134703,0.9340770846134703
8.165002475060199,-13.149033677798577,0.9013878188659974,0.9013878188659974
8.353480426356844,-13.217884818219476,0.9486832980505139,0.9486832980505139
8.546116223490454,-13.274027370965365,0.9486832980505139,0.9486832980505139
8.742386533972214,-13.315685973134558,0.95524865872714,0.95524865872714
8.941393857897802,-13.3412063262264,0.912414379544733,0.912414379544733
9.141874212533468,-13.348952655206874,0.9,0.9
9.342101452538895,-13.336496969045498,0.9,0.9
9.539663191496365,-13.301635541257072,0.9055385138137417,0.9055385138137417
9.732303263174899,-13.245569320506553,0.8544003745317531,0.8544003745317531
9.918115217143209,-13.16994725363164,0.873212459828649,0.873212459828649
10.09486972432737,-13.075052540955966,0.8500000000000001,0.8500000000000001
10.260123941249729,-12.961368273439682,0.8845903006477066,0.8845903006477066
10.411267938867859,-12.829470972712535,0.8845903006477066,0.8845903006477066
10.546684406708751,-12.681476959509517,0.8514693182963202,0.8514693182963202
10.666882653601318,-12.520829788649314,0.894427190999916,0.894427190999916
10.769339644092259,-12.348333555119554,0.894427190999916,0.894427190999916
10.849277118459309,-12.164205741895309,0.8860022573334675,0.8860022573334675
10.899842602490514,-11.969758512644878,0.873212459828649,0.873212459828649
10.924970317288965,-11.770695220115092,0.9,0.9
10.931804094423937,-11.570179098154838,0.9,0.9
10.921276165496346,-11.369795708220064,0.9055385138137417,0.9055385138137417
10.895946586002925,-11.170747199388943,0.9013878188659974,0.9013878188659974
10.857622839913379,-10.97377682644883,0.9192388155425117,0.9192388155425117
10.810143204125565,-10.77880061248888,0.912414379544733,0.912414379544733
10.756604363404483,-10.58539117113174,0.912414379544733,0.912414379544733
10.70068790641265,-10.392651948337104,0.912414379544733,0.912414379544733
10.644498160713006,-10.19999214814919,0.9013878188659974,0.9013878188659974
10.589071618309609,-10.007111525048316,0.8860022573334675,0.8860022573334675
10.53528116111695,-9.813768729582977,0.8860022573334675,0.8860022573334675
10.4835018222877,-9.619877806038104,0.9013878188659974,0.9013878188659974
10.4338401663938,-9.425434003296331,0.9013878188659974,0.9013878188659974
10.386599540853698,-9.230387939633108,0.9013878188659974,0.9013878188659974
10.341893983327278,-9.034745278355013,0.9013878188659974,0.9013878188659974
10.29868364935032,-8.838766143842932,0.9013878188659974,0.9013878188659974
10.255793089558907,-8.642716485642305,0.9192388155425117,0.9192388155425117
10.21115253286867,-8.447058549904478,0.912414379544733,0.912414379544733
10.16243954672583,-8.252375671336749,0.9219544457292888,0.9219544457292888
10.107400952591634,-8.059394663537272,0.9219544457292888,0.9219544457292888
10.042406848218082,-7.869533341732348,0.8860022573334675,0.8860022573334675
9.963822816086052,-7.684909403893396,0.9178779875342911,0.9178779875342911
9.866024822065281,-7.50974075470169,0.9178779875342911,0.9178779875342911
9.747735751324335,-7.347705112888899,0.9192388155425117,0.9192388155425117
9.611300783536192,-7.200635551779518,0.9192388155425117,0.9192388155425117
9.45858507152988,-7.070586718777385,0.9192388155425117,0.9192388155425117
9.290851709443919,-6.9605621922434056,0.9178779875342911,0.9178779875342911
9.110560253398491,-6.872627844712678,0.9178779875342911,0.9178779875342911
8.920541414973723,-6.808296554207882,0.9192388155425117,0.9192388155425117
8.724213162127128,-6.767070856070348,0.912414379544733,0.912414379544733
8.524460155019051,-6.748465229565881,0.9,0.9
8.32386818077413,-6.751323843111039,0.9055385138137417,0.9055385138137417
8.124642998096812,-6.774902580289657,0.912414379544733,0.912414379544733
7.928775766547016,-6.81832778805855,0.9219544457292888,0.9219544457292888
7.7379852473929045,-6.880358005161609,0.9013878188659974,0.9013878188659974
7.553342507860517,-6.958855564312988,0.9013878188659974,0.9013878188659974
7.376102476767266,-7.052890265847227,0.890224690738243,0.890224690738243
7.206648706092013,-7.160353115060777,0.890224690738243,0.890224690738243
7.042518387795853,-7.275821056606637,0.8602325267042628,0.8602325267042628
6.880951748665842,-7.394862658378738,0.873212459828649,0.873212459828649
6.719218734421225,-7.5136793588972965,0.9178779875342911,0.9178779875342911
6.555949001589734,-7.63037156954588,0.9178779875342911,0.9178779875342911
6.390053486963501,-7.743294480566579,0.9013878188659974,0.9013878188659974
6.2206099690344665,-7.8508077102205585,0.9178779875342911,0.9178779875342911
6.046737487009553,-7.9509750561301376,0.9178779875342911,0.9178779875342911
5.86817357006589,-8.042497953948521,0.894427190999916,0.894427190999916
5.684416901859527,-8.123105664191256,0.894427190999916,0.894427190999916
5.495855850047175,-8.191714771935393,0.873212459828649,0.873212459828649
5.3034200083259755,-8.248558283896053,0.873212459828649,0.873212459828649
5.107952382409034,-8.293916586284102,0.8860022573334675,0.8860022573334675
4.910188817720125,-8.327901141725594,0.9013878188659974,0.9013878188659974
4.710825850157819,-8.350715412623765,0.9500000000000001,0.9500000000000001
4.51049000454967,-8.362196120129056,0.9500000000000001,0.9500000000000001
4.309827890130027,-8.361942344070357,0.9500000000000001,0.9500000000000001
4.109526198922326,-8.350018295453468,0.9500000000000001,0.9500000000000001
3.9100372974635773,-8.32834793863406,0.9,0.9
3.7116922731831203,-8.297870780569019,0.873212459828649,0.873212459828649
3.5145633076656693,-8.260290532609813,0.9219544457292888,0.9219544457292888
3.3185463180001773,-8.217268091354839,0.9219544457292888,0.9219544457292888
3.1234632398022684,-8.170184748560287,0.9219544457292888,0.9219544457292888
2.9290154796528953,-8.120537056596321,0.9219544457292888,0.9219544457292888
2.7350070417313495,-8.069199507043765,0.9219544457292888,0.9219544457292888
2.5410151249090362,-8.017796624611595,0.9219544457292888,0.9219544457292888
2.346892177872221,-7.966890529658611,0.9219544457292888,0.9219544457292888
2.1526587954540823,-7.916407534819933,0.912414379544733,0.912414379544733
1.9583189354534813,-7.866335894224995,0.9192388155425117,0.9192388155425117
1.763876218064848,-7.816665380327321,0.9219544457292888,0.9219544457292888
1.5693568487929765,-7.767295909265694,0.9219544457292888,0.9219544457292888
1.3747574614908171,-7.7182425372626495,0.9219544457292888,0.9219544457292888
1.1801173399889975,-7.669351086345749,0.9219544457292888,0.9219544457292888
0.9854538146457069,-7.620552854197982,0.9219544457292888,0.9219544457292888
0.79076413670413,-7.5718590580067815,0.9219544457292888,0.9219544457292888
0.5960481167989343,-7.5232707046360305,0.9219544457292888,0.9219544457292888
0.40132600859693507,-7.474706798593286,0.912414379544733,0.912414379544733
0.206592044842782,-7.426190454013266,0.912414379544733,0.912414379544733
0.011841338954977847,-7.37774132862587,0.912414379544733,0.912414379544733
-0.18289827120238672,-7.329247682743593,0.912414379544733,0.912414379544733
-0.37765182283669074,-7.28080997421289,0.912414379544733,0.912414379544733
-0.5723847666868441,-7.232289536452319,0.912414379544733,0.912414379544733
-0.7671124769789551,-7.183748075035348,0.912414379544733,0.912414379544733
-0.9618246274542517,-7.135144216862284,0.912414379544733,0.912414379544733
-1.1565176393144954,-7.086463749281766,0.912414379544733,0.912414379544733
-1.3511798238344503,-7.037660172493974,0.912414379544733,0.912414379544733
-1.5458198897470734,-6.988768545596012,0.9013878188659974,0.9013878188659974
-1.7404283530641742,-6.939751251335583,0.9013878188659974,0.9013878188659974
-1.9349808850581358,-6.890512368745326,0.9013878188659974,0.9013878188659974
-2.129526779862284,-6.841247462117295,0.9013878188659974,0.9013878188659974
-2.3240160461053434,-6.791759260114046,0.9013878188659974,0.9013878188659974
-2.5185070576132764,-6.742278176795597,0.9013878188659974,0.9013878188659974
-2.712951081877908,-6.6926125208931175,0.9013878188659974,0.9013878188659974
-2.9074065398235684,-6.6429917874413995,0.9013878188659974,0.9013878188659974
-3.1018656080810993,-6.593385174742055,0.9013878188659974,0.9013878188659974
-3.296344233978534,-6.543855194678666,0.8860022573334675,0.8860022573334675
-3.4908804831968494,-6.494552135522229,0.8860022573334675,0.8860022573334675
-3.6854678991883825,-6.445451347311303,0.8860022573334675,0.8860022573334675
-3.8801490179401963,-6.396723391622852,0.8860022573334675,0.8860022573334675
-4.074919092659689,-6.348352322452927,0.8860022573334675,0.8860022573334675
-4.269764253004898,-6.30028453600138,0.9219544457292888,0.9219544457292888
-4.464665154685404,-6.252443233238826,0.9219544457292888,0.9219544457292888
-4.659605208778091,-6.2047616233625,0.9219544457292888,0.9219544457292888
-4.854472132362627,-6.156782280774007,0.9219544457292888,0.9219544457292888
-5.049266135748262,-6.1085077663267535,0.9219544457292888,0.9219544457292888
-5.243832533803427,-6.059326193999189,0.9219544457292888,0.9219544457292888
-5.438315988944421,-6.009815183565803,0.9219544457292888,0.9219544457292888
-5.6332022797589,-5.961928435604028,0.9219544457292888,0.9219544457292888
-5.829315865780916,-5.919359154248853,0.9219544457292888,0.9219544457292888
-6.024640330690814,-5.873402279313441,0.9219544457292888,0.9219544457292888
-6.216911809200036,-5.816010301221768,0.9219544457292888,0.9219544457292888
-6.403098919732572,-5.7414152211837335,0.894427190999916,0.894427190999916
-6.576529737537043,-5.640920445959003,0.890224690738243,0.890224690738243
-6.732182979626739,-5.514765321095273,0.9192388155425117,0.9192388155425117
-6.863994005388354,-5.363929397307165,0.9192388155425117,0.9192388155425117
-6.963729347378265,-5.190113372363819,0.9192388155425117,0.9192388155425117
-7.034479216953822,-5.0024973101071355,0.9219544457292888,0.9219544457292888
-7.083785239599939,-4.808070704682625,0.9500000000000001,0.9500000000000001
-7.117295166931479,-4.610277772454138,0.9,0.9
-7.13934111501952,-4.410833608593634,0.9013878188659974,0.9013878188659974
-7.151510852674181,-4.210528974747092,0.8860022573334675,0.8860022573334675
-7.157332278848945,-4.009933934280875,0.9,0.9
-7.158015973765781,-3.809251637727455,0.9,0.9
-7.155239434502003,-3.6085855035167054,0.9,0.9
-7.150675668332626,-3.407950856190456,0.9,0.9
-7.145777529496905,-3.20732451312994,0.9500000000000001,0.9500000000000001
-7.142215000725121,-3.006670290168828,0.9500000000000001,0.9500000000000001
-7.140837295916836,-2.8059896420576074,0.9500000000000001,0.9500000000000001
-7.142095080663843,-2.6053084584974093,0.9500000000000001,0.9500000000000001
-7.146103448076118,-2.4046633927333416,0.9500000000000001,0.9500000000000001
-7.1526667869097,-2.204085209652629,0.9,0.9
-7.161193086818988,-2.003579944747031,0.9,0.9
-7.167006279736387,-1.8029848520051595,0.9,0.9
-7.166471957258832,-1.6023204674633158,0.9,0.9
-7.158891279298315,-1.4018920289281218,0.9,0.9
-7.139332143315624,-1.202347205828361,0.9500000000000001,0.9500000000000001
-7.085554227273545,-1.0093963255746685,0.9656603957913984,0.9656603957913984
-6.9888252321405595,-0.8340684285653904,0.9604686356149273,0.9604686356149273
-6.85607075117419,-0.6840822140985795,0.9300537618869138,0.9300537618869138
-6.694018280604339,-0.5662424368906395,0.9433981132056604,0.9433981132056604
-6.5125228880315795,-0.48118486448344766,0.912414379544733,0.912414379544733
-6.322245054321796,-0.41789148845334134,0.9055385138137417,0.9055385138137417
-6.127232722309701,-0.37074104976778693,0.9013878188659974,0.9013878188659974
-5.930380504590162,-0.33176235198683207,0.8860022573334675,0.8860022573334675
-5.73275257936669,-0.29685788530159374,0.873212459828649,0.873212459828649
-5.535444285324055,-0.26019118138823744,0.9219544457292888,0.9219544457292888
-5.338518098889202,-0.22152689180047008,0.912414379544733,0.912414379544733
-5.141987060064765,-0.18090040945975616,0.9055385138137417,0.9055385138137417
-4.945683990302047,-0.13918452137479634,0.9013878188659974,0.9013878188659974
-4.749963532245023,-0.09520615671708486,0.8860022573334675,0.8860022573334675
-4.555753324437323,-0.045110614153734886,0.8631338250816034,0.8631338250816034
-4.360269656057814,-0.0003836100598404463,0.9055385138137417,0.9055385138137417
-4.159583766246697,-0.0007058031459725189,0.9486832980505139,0.9486832980505139
-3.958896680973827,-0.0008721689529893743,0.9500000000000001,0.9500000000000001
-3.758210012815255,-0.001006564840260157,0.9500000000000001,0.9500000000000001
-3.557523320562186,-0.0010697394524893371,0.9500000000000001,0.9500000000000001
-3.356836620356849,-0.0011439706482782792,0.9500000000000001,0.9500000000000001
-3.1561499115116938,-0.0011467839234770053,0.9500000000000001,0.9500000000000001
-2.955463199741925,-0.0011387446813873184,0.9500000000000001,0.9500000000000001
-2.7547764918453046,-0.001094423809534808,0.9500000000000001,0.9500000000000001
-2.5540897927323964,-0.0010215130696764965,0.9500000000000001,0.9500000000000001
-2.3534030954671104,-0.0009398143299430956,0.9500000000000001,0.9500000000000001
-2.1527164124259532,-0.0008288533131006006,0.9500000000000001,0.9500000000000001
-1.9520297361917258,-0.0007058056597703803,0.9500000000000001,0.9500000000000001
-1.7513430699653858,-0.000567317121310695,0.9500000000000001,0.9500000000000001
-1.5506564102695874,-0.00041969534799593853,0.9500000000000001,0.9500000000000001
-1.3499697597159857,-0.00026015430241847076,0.9500000000000001,0.9500000000000001
-1.1492831083425916,-0.00010201374846832763,0.9500000000000001,0.9500000000000001
-0.9485964677824116,6.979963138031072e-05,0.9,0.9
-0.7479098173008945,0.00022872935463516327,0.9,0.9
-0.5472231689749129,0.0003903044494597858,0.9,0.9
-0.3465365168576682,0.0005474494491591452,0.9,0.9
-0.14584985257274521,0.0006871006811556479,0.9,0.9
