0.07687095616231325,-0.0005508749843603435,0.9500000000000001,0.9500000000000001
0.27736711003965414,-0.0006641127724769475,0.9500000000000001,0.9500000000000001
0.4778632785339928,-0.0007508586501407823,0.9500000000000001,0.9500000000000001
0.6783594615069479,-0.000789245451331429,0.9500000000000001,0.9500000000000001
0.8788556455862964,-0.0007604929296277263,0.9500000000000001,0.9500000000000001
1.0793518005308773,-0.0006508538594164281,0.9500000000000001,0.9500000000000001
1.279847885697996,-0.000447040241789035,0.9500000000000001,0.9500000000000001
1.480343947053342,-0.00013838310073614204,0.9500000000000001,0.9500000000000001
1.680840672427615,0.00026913230347298806,0.9,0.9
1.8813357596497962,0.0008442097196587508,0.9,0.9
2.081634814963825,0.006492109562736866,0.9,0.9
2.2814937742451713,0.023449844998079426,0.9,0.9
2.4818121174279857,0.028731535012510575,0.9,0.9
2.6814247697000857,0.04818108759201206,0.9055385138137417,0.9055385138137417
2.8819271784212073,0.048357772181079194,0.9486832980505139,0.9486832980505139
3.0824174324989664,0.04876584163355865,0.9500000000000001,0.9500000000000001
3.282912731627122,0.04903885276071806,0.9500000000000001,0.9500000000000001
3.483408761361586,0.04927009922808888,0.9500000000000001,0.9500000000000001
3.6839048495193927,0.04947505439404347,0.9500000000000001,0.9500000000000001
3.8844009560589474,0.049655692855339814,0.9500000000000001,0.9500000000000001
4.084897081266732,0.049813136209940476,0.9500000000000001,0.9500000000000001
4.28539322249749,0.049948577061743354,0.9500000000000001,0.9500000000000001
4.485889376708107,0.05006322447624498,0.9,0.9
4.6863855411686135,0.05015828576759624,0.9,0.9
4.886881713512497,0.050234936741055294,0.9,0.9
5.087377891732822,0.0502942244144735,0.9,0.9
5.2878740728023645,0.050343737501684416,0.9,0.9
5.488370257598697,0.05037191515419177,0.9,0.9
5.688866444280556,0.050383316742460556,0.9,0.9
5.889362631310086,0.05038263160127401,0.9,0.9
6.089858818017671,0.050371219842286194,0.9,0.9
6.29035500395884,0.05035027937852417,0.9,0.9
6.490851188860116,0.050321012819477595,0.9,0.9
6.691347372597759,0.05028462480672275,0.9,0.9
6.89184355517625,0.050242320221004194,0.9,0.9
7.092339736708165,0.05019530835273597,0.9,0.9
7.292835917399857,0.05014482611448654,0.9,0.9
7.4933320974740205,0.05009196278164746,0.9,0.9
7.69382827477699,0.050030183655211856,0.9,0.9
7.894324451722127,0.04996735141561075,0.9500000000000001,0.9500000000000001
8.094820632151745,0.049915816275200135,0.9500000000000001,0.9500000000000001
8.295316813282332,0.04986710479578575,0.9500000000000001,0.9500000000000001
8.49581299535228,0.04982244943485435,0.9500000000000001,0.9500000000000001
8.696309178531685,0.049783100354846066,0.9500000000000001,0.9500000000000001
8.896805362881716,0.049750266186292864,0.9500000000000001,0.9500000000000001
9.097301548344765,0.04972515157814969,0.9500000000000001,0.9500000000000001
9.297797734724385,0.049708964483011236,0.9500000000000001,0.9500000000000001
9.498293921654621,0.04970256362407522,0.9500000000000001,0.9500000000000001
9.698790108670934,0.049705321677290824,0.9500000000000001,0.9500000000000001
9.899286295422636,0.04971612337853418,0.9500000000000001,0.9500000000000001
10.099782481741181,0.0497336335505239,0.9500000000000001,0.9500000000000001
10.300278665594877,0.049768441864629046,0.9500000000000001,0.9500000000000001
10.500774849810032,0.04980207275885535,0.9500000000000001,0.9500000000000001
10.70127103352704,0.04983860743704833,0.9500000000000001,0.9500000000000001
10.9017672165459,0.04987878232918015,0.9500000000000001,0.9500000000000001
11.102263398931816,0.04992200261886086,0.9500000000000001,0.9500000000000001
11.302759580810843,0.049967515998864696,0.9500000000000001,0.9500000000000001
11.50325576233653,0.05001456157943927,0.9,0.9
11.703751943679686,0.050062379386446906,0.9,0.9
11.9042481250199,0.050110209546465924,0.9,0.9
12.10474430653705,0.05015729139696667,0.9,0.9
12.305240488404008,0.05020285648248933,0.9,0.9
12.50573667078132,0.05024611094786211,0.9,0.9
12.706232853510654,0.05028778605413062,0.9,0.9
12.906729037550571,0.05032231648796361,0.9,0.9
13.10722522260455,0.050350535512259924,0.9,0.9
13.307721408384541,0.05037302427645925,0.9,0.9
13.508217594926448,0.050386915613821186,0.9,0.9
13.708713781750541,0.05038013240157302,0.9,0.9
13.90920996409,0.050337849033357675,0.9,0.9
14.10970612932572,0.050245293091110095,0.9,0.9
14.310202255578478,0.05008987574042301,0.9,0.9
14.510698348742173,0.049895844009078615,0.9500000000000001,0.9500000000000001
14.711194456494965,0.049717682535376714,0.9500000000000001,0.9500000000000001
14.911690613710286,0.04961105304131104,0.9500000000000001,0.9500000000000001
15.112186794843346,0.04963910976090972,0.9500000000000001,0.9500000000000001
15.31268297517023,0.04963223649625814,0.9500000000000001,0.9500000000000001
15.513179081293405,0.049727584086427856,0.9500000000000001,0.9500000000000001
15.7136748976763,0.049636948692769564,0.9500000000000001,0.9500000000000001
15.914172087069007,0.04917274765601832,0.9500000000000001,0.9500000000000001
16.114705437018223,0.048330246356979724,0.9340770846134703,0.9340770846134703
16.31432604143542,0.030618167281056798,0.9013878188659974,0.9013878188659974
16.51367156769894,0.009339205608074096,0.9,0.9
16.713809127903733,-0.003508354205278371,0.9500000000000001,0.9500000000000001
16.91424716867018,-0.0009341789827231088,0.9500000000000001,0.9500000000000001
17.114732138636597,0.0012992208816056696,0.9,0.9
17.31522773942798,0.0015918560028953422,0.9,0.9
17.515721716430924,0.0006699082788225344,0.9,0.9
17.716213878453875,-0.0006002387526760018,0.9500000000000001,0.9500000000000001
17.916708971720784,-0.0012488275493459896,0.9500000000000001,0.9500000000000001
18.1172051162478,-0.0011886232941179424,0.9500000000000001,0.9500000000000001
18.31770055054682,-0.0006482038228104205,0.9500000000000001,0.9500000000000001
18.51819464938556,0.0002640843072592475,0.9,0.9
18.71868742032248,0.001433695023509491,0.9,0.9
18.919180852205727,0.002476667638002817,0.9,0.9
19.119676665581647,0.002576478152221442,0.9,0.9
19.32016456258916,0.0008632560718171172,0.9,0.9
19.52061591700442,-0.003511968939726973,0.9500000000000001,0.9500000000000001
19.720975924779466,-0.012008961188281743,0.912414379544733,0.912414379544733
19.920171032966543,-0.0341001413080506,0.9,0.9
20.120399589601192,-0.044794627676374675,0.9,0.9
20.32080782880172,-0.05041754926922027,0.9500000000000001,0.9500000000000001
20.521302593776902,-0.051520086878336493,0.9500000000000001,0.9500000000000001
20.72179842740505,-0.051739964443876386,0.9500000000000001,0.9500000000000001
20.922293278616056,-0.05099411799279043,0.9500000000000001,0.9500000000000001
21.122786732186153,-0.049949805596508016,0.9,0.9
21.323277253857828,-0.048449449050291936,0.9,0.9
21.523767969736493,-0.04697670771017558,0.9,0.9
21.72426026814821,-0.047851867175131325,0.9,0.9
21.924655175965356,-0.05396663809500395,0.9486832980505139,0.9486832980505139
22.12456990159427,-0.06904003894961888,0.9055385138137417,0.9055385138137417
22.323933815335444,-0.09037503644470296,0.9,0.9
22.524214114725183,-0.09892432060309271,0.9,0.9
22.724534840335878,-0.10728677559754349,0.9340770846134703,0.9340770846134703
22.92370990622355,-0.13001269068505278,0.9013878188659974,0.9013878188659974
23.1206672350594,-0.1674236693046888,0.912414379544733,0.912414379544733
23.315840118266042,-0.21313882065079784,0.912414379544733,0.912414379544733
23.506421583045498,-0.275254420284729,0.9013878188659974,0.9013878188659974
23.692096253278343,-0.35083670278034335,0.9013878188659974,0.9013878188659974
23.872202422362363,-0.4387083863974597,0.9013878188659974,0.9013878188659974
24.04184066518849,-0.5454095096988448,0.9178779875342911,0.9178779875342911
24.198383875458184,-0.6705611996860295,0.9192388155425117,0.9192388155425117
24.340553242661947,-0.8117744428890745,0.9192388155425117,0.9192388155425117
24.466571673620656,-0.9674764327427924,0.9300537618869138,0.9300537618869138
24.571390746535716,-1.1382369586428964,0.9394147114027969,0.9394147114027969
24.656210096918606,-1.3198637356892224,0.9340770846134703,0.9340770846134703
24.723999088556337,-1.5084856511798217,0.9192388155425117,0.9192388155425117
24.771535674995018,-1.7032165444443297,0.912414379544733,0.912414379544733
24.807034241079013,-1.9005168237594137,0.9340770846134703,0.9340770846134703
24.83377266458421,-2.099199329169953,0.9055385138137417,0.9055385138137417
24.84990115354238,-2.2990179208179966,0.9,0.9
24.853370997405673,-2.4994627647788774,0.9500000000000001,0.9500000000000001
24.850179116852114,-2.6999306379036425,0.9500000000000001,0.9500000000000001
24.846277844118404,-2.9003866952665294,0.9,0.9
24.847592958486892,-3.100875904033552,0.9,0.9
24.860294900555115,-3.3009625263751445,0.9219544457292888,0.9219544457292888
24.881781468504187,-3.5003002126118994,0.9,0.9
24.90542941267365,-3.6993980203850763,0.9486832980505139,0.9486832980505139
24.93435546701465,-3.8977937702210506,0.9055385138137417,0.9055385138137417
24.973511050466925,-4.094412140607185,0.912414379544733,0.912414379544733
25.02448693793239,-4.288315896119805,0.9192388155425117,0.9192388155425117
25.085674622326316,-4.479234627941183,0.912414379544733,0.912414379544733
25.15765122534524,-4.666360299810421,0.9340770846134703,0.9340770846134703
25.24197876271241,-4.848241314871318,0.9178779875342911,0.9178779875342911
25.33928594442609,-5.023571790195771,0.9178779875342911,0.9178779875342911
25.450171083309886,-5.190599247216419,0.9013878188659974,0.9013878188659974
25.573508093813444,-5.348660090996603,0.9192388155425117,0.9192388155425117
25.707299876826596,-5.497976807782498,0.9192388155425117,0.9192388155425117
25.850064055888275,-5.638739039671932,0.9192388155425117,0.9192388155425117
26.000766558953945,-5.770968666401615,0.9192388155425117,0.9192388155425117
26.15855000001047,-5.894657817207504,0.9013878188659974,0.9013878188659974
26.322596435774624,-6.0099212730663485,0.9300537618869138,0.9300537618869138
26.491306889969472,-6.118225754968277,0.9178779875342911,0.9178779875342911
26.664405931464515,-6.219403020394686,0.9178779875342911,0.9178779875342911
26.841124951825947,-6.314098092857982,0.9178779875342911,0.9178779875342911
27.02082259459329,-6.40300932556174,0.9192388155425117,0.9192388155425117
27.20279035612108,-6.487188555665252,0.894427190999916,0.894427190999916
27.38589652624005,-6.568859886019879,0.9340770846134703,0.9340770846134703
27.56988721581013,-6.648522669632993,0.894427190999916,0.894427190999916
27.754347940802116,-6.72709060343164,0.9178779875342911,0.9178779875342911
27.939191975813806,-6.80475233253028,0.9192388155425117,0.9192388155425117
28.12472208011806,-6.880759768494752,0.9178779875342911,0.9178779875342911
28.31133503464648,-6.954063830452892,0.9340770846134703,0.9340770846134703
28.49914660602433,-7.024244743369292,0.9340770846134703,0.9340770846134703
28.687100720458705,-7.094043815087177,0.9013878188659974,0.9013878188659974
28.87417892412575,-7.166155105069014,0.9340770846134703,0.9340770846134703
29.06075139640717,-7.239567993172521,0.9013878188659974,0.9013878188659974
29.2477718176942,-7.311829956470895,0.9340770846134703,0.9340770846134703
29.435494873298286,-7.382248408429671,0.9192388155425117,0.9192388155425117
29.62333531100427,-7.452353184880897,0.9340770846134703,0.9340770846134703
29.811024802028538,-7.522860950600921,0.9192388155425117,0.9192388155425117
29.998322427451665,-7.5944026332369035,0.9178779875342911,0.9178779875342911
30.184950981423555,-7.667670797453768,0.9340770846134703,0.9340770846134703
30.370844340884563,-7.742785533560864,0.9013878188659974,0.9013878188659974
30.556493202729477,-7.818503455320032,0.9192388155425117,0.9192388155425117
30.741716350517642,-7.895255986008771,0.9178779875342911,0.9178779875342911
30.92590556556243,-7.974454465993426,0.9192388155425117,0.9192388155425117
31.10878535390289,-8.056633002325945,0.9394147114027969,0.9394147114027969
31.290803263056283,-8.14070558099585,0.9178779875342911,0.9178779875342911
31.472250462777442,-8.226004591052051,0.9178779875342911,0.9178779875342911
31.651383417523117,-8.316031506297165,0.9178779875342911,0.9178779875342911
31.826789187608266,-8.413075348535322,0.9300537618869138,0.9300537618869138
31.996172925923478,-8.520272053329354,0.9300537618869138,0.9300537618869138
32.15784682764791,-8.638760056187092,0.9178779875342911,0.9178779875342911
32.31242024399224,-8.766406562565805,0.9300537618869138,0.9300537618869138
32.458417663072986,-8.903811906468864,0.95524865872714,0.95524865872714
32.597032036041554,-9.048662253840218,0.95524865872714,0.95524865872714
32.72837527287808,-9.20013183468615,0.9192388155425117,0.9192388155425117
32.85473755026685,-9.3557814548568,0.9433981132056604,0.9433981132056604
32.975598720112465,-9.515746311582816,0.9219544457292888,0.9219544457292888
33.090417424978,-9.680106181637075,0.9178779875342911,0.9178779875342911
33.20032238362195,-9.847793569683798,0.9013878188659974,0.9013878188659974
33.30557519743826,-10.01843981659741,0.9300537618869138,0.9300537618869138
33.40778499951904,-10.190924310530054,0.9178779875342911,0.9178779875342911
33.50567080969384,-10.365896165858542,0.9300537618869138,0.9300537618869138
33.59857558445117,-10.543562073123484,0.9178779875342911,0.9178779875342911
33.68704388403065,-10.723482970528663,0.9178779875342911,0.9178779875342911
33.77268072153401,-10.904769347975805,0.9178779875342911,0.9178779875342911
33.85419707090059,-11.087944133988724,0.9178779875342911,0.9178779875342911
33.92617876722815,-11.275057311984197,0.9192388155425117,0.9192388155425117
33.98690315141608,-11.466121370746642,0.9013878188659974,0.9013878188659974
34.03909087658402,-11.659689346724338,0.9013878188659974,0.9013878188659974
34.08148287966936,-11.855641489087514,0.9055385138137417,0.9055385138137417
34.11817894819864,-12.052756049965135,0.912414379544733,0.912414379544733
34.14804227309422,-12.251005329928166,0.9,0.9
34.17185185529457,-12.450069706516219,0.9055385138137417,0.9055385138137417
34.19161849420246,-12.649587056515555,0.9,0.9
34.20294588066174,-12.84975459427296,0.9500000000000001,0.9500000000000001
34.20423811346115,-13.0502297164709,0.9500000000000001,0.9500000000000001
34.19573790887751,-13.250530891807626,0.9,0.9
34.17758686590759,-13.450186715843705,0.9055385138137417,0.9055385138137417
34.153273613550745,-13.649204945208421,0.9340770846134703,0.9340770846134703
34.132482878517045,-13.84863398094326,0.9,0.9
34.1015803629419,-14.046713878208234,0.9219544457292888,0.9219544457292888
34.06260709049148,-14.243378789099417,0.912414379544733,0.912414379544733
34.015143632841145,-14.438171054130867,0.912414379544733,0.912414379544733
33.961657507497556,-14.631396958711978,0.9192388155425117,0.9192388155425117
33.901632901692466,-14.822689834266416,0.9219544457292888,0.9219544457292888
33.83641433103053,-15.012273674831281,0.894427190999916,0.894427190999916
33.7667097449492,-15.200258155569257,0.9192388155425117,0.9192388155425117
33.691102192283545,-15.385951436193432,0.8860022573334675,0.8860022573334675
33.610895432367315,-15.56970283543098,0.9178779875342911,0.9178779875342911
33.52644478277842,-15.751542695600786,0.9178779875342911,0.9178779875342911
33.43776764050689,-15.931358910232905,0.894427190999916,0.894427190999916
33.34436631960354,-16.108765223742914,0.894427190999916,0.894427190999916
33.245231497901095,-16.283030593928615,0.8746427842267951,0.8746427842267951
33.14031673807382,-16.45387534578773,0.9013878188659974,0.9013878188659974
33.029060208684434,-16.62066069772181,0.9013878188659974,0.9013878188659974
32.91197248323225,-16.78340237254718,0.9013878188659974,0.9013878188659974
32.78876066342566,-16.941563600552705,0.8845903006477066,0.8845903006477066
32.659748771020375,-17.09503188695071,0.9013878188659974,0.9013878188659974
32.52589381523778,-17.24429410440142,0.8845903006477066,0.8845903006477066
32.38739362139585,-17.389256184616983,0.8845903006477066,0.8845903006477066
32.244873428931236,-17.530270355434055,0.8845903006477066,0.8845903006477066
32.09858929869466,-17.667376975914674,0.8845903006477066,0.8845903006477066
31.949154885760056,-17.801044502379174,0.9178779875342911,0.9178779875342911
31.796720489976984,-17.931281822233306,0.8845903006477066,0.8845903006477066
31.641718767180265,-18.05845270862604,0.9013878188659974,0.9013878188659974
31.484413781381747,-18.182763972364754,0.8845903006477066,0.8845903006477066
31.324869085378822,-18.304187400746425,0.9178779875342911,0.9178779875342911
31.162584690801705,-18.421916142979413,0.9013878188659974,0.9013878188659974
30.998542893085006,-18.53718961582048,0.8746427842267951,0.8746427842267951
30.832747406851418,-18.64992906871757,0.8746427842267951,0.8746427842267951
30.665372739605314,-18.760309578795606,0.9178779875342911,0.9178779875342911
30.495744025754757,-18.867190384120498,0.894427190999916,0.894427190999916
30.323146776020987,-18.969204459634092,0.9013878188659974,0.9013878188659974
30.148748770040577,-19.06811776624664,0.894427190999916,0.894427190999916
29.97431156665792,-19.16696269330739,0.9013878188659974,0.9013878188659974
29.79982670071285,-19.265723342946085,0.894427190999916,0.894427190999916
29.623920478127275,-19.36192455622554,0.9178779875342911,0.9178779875342911
29.445553581868946,-19.45347895787706,0.9178779875342911,0.9178779875342911
29.264571779012172,-19.539745768951228,0.894427190999916,0.894427190999916
29.081068232407702,-19.620513115258696,0.9013878188659974,0.9013878188659974
28.895735400747988,-19.69699754862002,0.873212459828649,0.873212459828649
28.70956064366275,-19.771412465673606,0.9178779875342911,0.9178779875342911
28.522733351923733,-19.844168855869462,0.8860022573334675,0.8860022573334675
28.334925156242377,-19.914341988889497,0.9192388155425117,0.9192388155425117
28.14516879953432,-19.979073755548534,0.9013878188659974,0.9013878188659974
27.953890121503168,-20.039160688276368,0.9013878188659974,0.9013878188659974
27.761634254155602,-20.09604726614891,0.9013878188659974,0.9013878188659974
27.56869225672966,-20.15055967086854,0.9340770846134703,0.9340770846134703
27.37492852282198,-20.202070129348325,0.9340770846134703,0.9340770846134703
27.180124231997635,-20.249494603304388,0.8860022573334675,0.8860022573334675
26.98414135711219,-20.29177862381633,0.9013878188659974,0.9013878188659974
26.78704180646882,-20.32849985525118,0.9055385138137417,0.9055385138137417
26.589278547297788,-20.361483080898424,0.9219544457292888,0.9219544457292888
26.3908818451519,-20.39034759258902,0.9,0.9
26.191200408999688,-20.408345014438858,0.9219544457292888,0.9219544457292888
25.99182007211403,-20.42938631758343,0.9,0.9
25.792146372654997,-20.446964044393862,0.9,0.9
25.591771002362375,-20.453602850605975,0.9500000000000001,0.9500000000000001
25.39127611340457,-20.45316189872717,0.9500000000000001,0.9500000000000001
25.19079967901686,-20.450359967886758,0.9500000000000001,0.9500000000000001
24.99032526250599,-20.447481689049837,0.9,0.9
24.789829259630935,-20.445898212628435,0.9,0.9
24.589410154638962,-20.4510113313244,0.9500000000000001,0.9500000000000001
24.3892537555439,-20.46265540472912,0.912414379544733,0.912414379544733
24.18926827787627,-20.476960429516883,0.9,0.9
23.989267733125246,-20.491054705849383,0.9,0.9
23.78906663102952,-20.50188293001919,0.9500000000000001,0.9500000000000001
23.58858692148251,-20.504266547437204,0.9500000000000001,0.9500000000000001
23.388096530610728,-20.502962996363802,0.9500000000000001,0.9500000000000001
23.187608735995617,-20.501152938357958,0.9500000000000001,0.9500000000000001
22.987118799940085,-20.499573012008486,0.9,0.9
22.786625703082997,-20.498466306869272,0.9,0.9
22.586129968032854,-20.49807084647018,0.9,0.9
22.385634827830927,-20.49864799306949,0.9,0.9
22.18514398352219,-20.500117405975246,0.9500000000000001,0.9500000000000001
21.984652037141853,-20.501416052826656,0.9500000000000001,0.9500000000000001
21.78415632886734,-20.50174538244869,0.9500000000000001,0.9500000000000001
21.583665676916826,-20.500337497121524,0.9500000000000001,0.9500000000000001
21.383180907743533,-20.498142297329863,0.9,0.9
21.182698692054036,-20.500256636771894,0.9500000000000001,0.9500000000000001
20.98235145344905,-20.50786530415099,0.912414379544733,0.912414379544733
20.782489375586618,-20.523690106742237,0.9,0.9
20.582642352669538,-20.53971211381881,0.9,0.9
20.382364204600282,-20.548957901176077,0.9,0.9
20.18191611103497,-20.55324764276696,0.9500000000000001,0.9500000000000001
19.981423789388025,-20.55437388000995,0.9500000000000001,0.9500000000000001
19.780928069774568,-20.553978722841823,0.9500000000000001,0.9500000000000001
19.580434216314906,-20.55301647666828,0.9500000000000001,0.9500000000000001
19.37994195709794,-20.551762105981247,0.9500000000000001,0.9500000000000001
19.179450030653307,-20.55045511573319,0.9500000000000001,0.9500000000000001
18.97895704052437,-20.549324655694676,0.9,0.9
18.77846268517479,-20.548469964104353,0.9,0.9
18.577967340630828,-20.547892277689197,0.9,0.9
18.37747138996805,-20.547591035356888,0.9,0.9
18.176975213644695,-20.547564775545393,0.9,0.9
17.97647919040654,-20.547812538800613,0.9,0.9
17.775983892568252,-20.548389001571024,0.9,0.9
17.575489657246024,-20.54927965879205,0.9,0.9
17.374996474015425,-20.550375400735025,0.9500000000000001,0.9500000000000001
17.174504072551407,-20.551607373649162,0.9500000000000001,0.9500000000000001
16.9740110893589,-20.552739699261366,0.9500000000000001,0.9500000000000001
16.773516487085995,-20.553531832752,0.9500000000000001,0.9500000000000001
16.573020412573538,-20.553740615477274,0.9500000000000001,0.9500000000000001
16.372525374565353,-20.553110718487197,0.9500000000000001,0.9500000000000001
16.17204684469657,-20.550853255014662,0.9500000000000001,0.9500000000000001
15.971737170198496,-20.542908139515635,0.9,0.9
15.771902423941599,-20.526626169677513,0.9,0.9
15.571895225437471,-20.512727779021997,0.912414379544733,0.912414379544733
15.371653960554395,-20.502496210706074,0.9500000000000001,0.9500000000000001
15.171221798900424,-20.498017150612203,0.9,0.9
14.970727270191656,-20.498614900871758,0.9,0.9
14.770236936907908,-20.50015308123603,0.9500000000000001,0.9500000000000001
14.569742879085135,-20.501051971627653,0.9500000000000001,0.9500000000000001
14.369246969905081,-20.50084622995624,0.9500000000000001,0.9500000000000001
14.168752971770415,-20.499911958902267,0.9,0.9
13.96825883945327,-20.499008694574744,0.9,0.9
13.767762919997054,-20.498744739842675,0.9,0.9
13.567268481219859,-20.49953310684228,0.9,0.9
13.366779048307604,-20.5011780230099,0.9500000000000001,0.9500000000000001
13.166289349812317,-20.502815362640657,0.9500000000000001,0.9500000000000001
12.96579336251558,-20.502849562129985,0.9500000000000001,0.9500000000000001
12.765386713780158,-20.49724639771913,0.9,0.9
12.565435423549454,-20.483026613114703,0.9013878188659974,0.9013878188659974
12.367350625249157,-20.4525078164809,0.9340770846134703,0.9340770846134703
12.173017036360687,-20.40336711406787,0.9340770846134703,0.9340770846134703
11.983618460447136,-20.337681676688394,0.9192388155425117,0.9192388155425117
11.801892719180191,-20.253145795391124,0.9394147114027969,0.9394147114027969
11.629659300828857,-20.150594709759787,0.9178779875342911,0.9178779875342911
11.465151346502761,-20.03600878632401,0.9219544457292888,0.9219544457292888
11.307636496714293,-19.911984118870418,0.9300537618869138,0.9300537618869138
11.159744666143968,-19.77662077050548,0.9192388155425117,0.9192388155425117
11.023618938843029,-19.629446017338907,0.9300537618869138,0.9300537618869138
10.897760873803154,-19.473411070059516,0.9178779875342911,0.9178779875342911
10.780796402358035,-19.310614307582988,0.9219544457292888,0.9219544457292888
10.675095576630733,-19.140328654278278,0.9433981132056604,0.9433981132056604
10.581302137100336,-18.963149191012334,0.9394147114027969,0.9394147114027969
10.498343110049257,-18.780614502737095,0.9192388155425117,0.9192388155425117
10.421075136613588,-18.595616292027113,0.9486832980505139,0.9486832980505139
10.35115575587324,-18.407741570016892,0.9486832980505139,0.9486832980505139
10.290233934505967,-18.216796743811905,0.9055385138137417,0.9055385138137417
10.246550841259564,-18.021249082299995,0.9,0.9
10.212698767899829,-17.823703170559348,0.9219544457292888,0.9219544457292888
10.196916357201369,-17.623923390557543,0.9,0.9
10.20461696011948,-17.42362182128937,0.9340770846134703,0.9340770846134703
10.23304798048776,-17.225174256173766,0.9013878188659974,0.9013878188659974
10.269148393282498,-17.027953519201784,0.912414379544733,0.912414379544733
10.310736861079253,-16.83183132573533,0.9219544457292888,0.9219544457292888
10.363274769816476,-16.63837383016852,0.9192388155425117,0.9192388155425117
10.42650736739218,-16.44813322035005,0.894427190999916,0.894427190999916
10.498641585629839,-16.26106718946337,0.8860022573334675,0.8860022573334675
10.577636570417596,-16.076795760220786,0.894427190999916,0.894427190999916
10.663792285997323,-15.895757097470085,0.894427190999916,0.894427190999916
10.757349702205486,-15.718454472871006,0.9178779875342911,0.9178779875342911
10.860740424804563,-15.5466941286939,0.894427190999916,0.894427190999916
10.97411688207364,-15.38133545454936,0.890224690738243,0.890224690738243
11.094290933843098,-15.220869921258274,0.8845903006477066,0.8845903006477066
11.21928398909442,-15.064119761047484,0.9178779875342911,0.9178779875342911
11.35027427403196,-14.912328726549788,0.9219544457292888,0.9219544457292888
11.48555048317059,-14.764349813292496,0.9178779875342911,0.9178779875342911
11.62505906022246,-14.620358707467872,0.9192388155425117,0.9192388155425117
11.769165701252296,-14.480968193596674,0.9013878188659974,0.9013878188659974
11.917711044230497,-14.346313931398974,0.8845903006477066,0.8845903006477066
12.070363910594502,-14.216336543545482,0.9192388155425117,0.9192388155425117
12.225885533494605,-14.089814135011094,0.890224690738243,0.890224690738243
12.38414676046383,-13.966739329270029,0.9178779875342911,0.9178779875342911
12.548743009470023,-13.852247297096602,0.9178779875342911,0.9178779875342911
12.718785125320032,-13.746083596947107,0.9013878188659974,0.9013878188659974
12.89211897503183,-13.64534454101924,0.894427190999916,0.894427190999916
13.069373315829397,-13.551640878070138,0.9604686356149273,0.9604686356149273
13.25029380635944,-13.465262246016872,0.9486832980505139,0.9486832980505139
13.435699604780813,-13.38907578584162,0.9178779875342911,0.9178779875342911
13.62301671987294,-13.317609574462027,0.9340770846134703,0.9340770846134703
13.812888342330433,-13.25329309033282,0.9486832980505139,0.9486832980505139
14.006553861011923,-13.201741958016797,0.9486832980505139,0.9486832980505139
14.203833389915053,-13.166437993765355,0.9219544457292888,0.9219544457292888
14.402904461469369,-13.143275080021455,0.9,0.9
14.603223295418529,-13.135740793525308,0.9,0.9
14.8031093178655,-13.120181037454966,0.9055385138137417,0.9055385138137417
15.002388758489582,-13.100279420694887,0.9486832980505139,0.9486832980505139
15.202852996180004,-13.098703183551375,0.9,0.9
15.403333509439648,-13.101590574974635,0.9500000000000001,0.9500000000000001
15.603825370836148,-13.101089546264609,0.9500000000000001,0.9500000000000001
15.804124396427026,-13.092696929269065,0.9,0.9
16.003662996110332,-13.073020867359574,0.9013878188659974,0.9013878188659974
16.20327649594692,-13.054373087719936,0.9340770846134703,0.9340770846134703
16.403557497756637,-13.045533844380122,0.9,0.9
16.6040469121793,-13.04501939694498,0.9,0.9
16.804484370725863,-13.04991545416009,0.9,0.9
17.00493373919092,-13.054896781123002,0.9500000000000001,0.9500000000000001
17.205368550346655,-13.051391173279395,0.9500000000000001,0.9500000000000001
17.405635870302884,-13.041687856613892,0.9,0.9
17.60564280069469,-13.027722297822601,0.9,0.9
17.80503553662835,-13.007126654379622,0.9219544457292888,0.9219544457292888
18.005466699406494,-13.000783918820282,0.9500000000000001,0.9500000000000001
18.20595615195198,-12.9995349829534,0.9,0.9
18.406451071163357,-12.999259247331258,0.9,0.9
18.606947129513625,-12.999158030185857,0.9,0.9
18.807443312334797,-12.999188041872374,0.9,0.9
19.00793945924793,-12.999312980879752,0.9,0.9
19.208435565644507,-12.99949265382495,0.9,0.9
19.408931357427853,-12.99988780086705,0.9,0.9
19.609427468055074,-13.000068577570682,0.9500000000000001,0.9500000000000001
19.809923628397016,-13.000169142204214,0.9500000000000001,0.9500000000000001
20.010419811490493,-13.000207766127147,0.9500000000000001,0.9500000000000001
20.210915997139335,-13.000231159202874,0.9500000000000001,0.9500000000000001
20.411412183732235,-13.000244427106061,0.9500000000000001,0.9500000000000001
20.611908370735947,-13.000247827316015,0.9500000000000001,0.9500000000000001
20.812404557674085,-13.000241647477807,0.9500000000000001,0.9500000000000001
21.012900744128082,-13.000226259303528,0.9500000000000001,0.9500000000000001
21.21339692983029,-13.00020228675612,0.9500000000000001,0.9500000000000001
21.413893114527678,-13.00017029269722,0.9500000000000001,0.9500000000000001
21.614389275028735,-13.000081027835408,0.9500000000000001,0.9500000000000001
21.81488543925902,-12.999999972109247,0.9,0.9
22.015381622440696,-12.999960853766131,0.9,0.9
22.215877805917753,-12.999922708967201,0.9,0.9
22.416373989479798,-12.999885295857608,0.9,0.9
22.616870173262384,-12.999849124419796,0.9,0.9
22.817366357320935,-12.999814514592739,0.9,0.9
23.01786254167763,-12.999781666801503,0.9,0.9
23.218358725864068,-12.99974824434087,0.9,0.9
23.418854897064474,-12.999672253545645,0.9,0.9
23.619351033808503,-12.99953140314899,0.9,0.9
23.819847213571588,-12.999555237187076,0.9,0.9
24.020342993442043,-12.999966514854542,0.9,0.9
24.220837388172356,-13.000789364926902,0.9500000000000001,0.9500000000000001
24.421325109297793,-13.002704606907155,0.9500000000000001,0.9500000000000001
24.621820187668476,-13.002966270695183,0.9500000000000001,0.9500000000000001
24.821971267643562,-12.992489003718338,0.9,0.9
25.021616257159597,-12.967259268599255,0.912414379544733,0.912414379544733
25.21762484676248,-12.923282427018576,0.9192388155425117,0.9192388155425117
25.40522374520154,-12.853256170725484,0.9394147114027969,0.9394147114027969
25.58321844523164,-12.759962621375356,0.9178779875342911,0.9178779875342911
25.74761316400302,-12.644905897141884,0.8845903006477066,0.8845903006477066
25.891985124114182,-12.505392517734615,0.9192388155425117,0.9192388155425117
26.015196408388643,-12.346261518144239,0.9013878188659974,0.9013878188659974
26.118039202693677,-12.17402983903542,0.9178779875342911,0.9178779875342911
26.203253898308695,-11.992587177930119,0.9178779875342911,0.9178779875342911
26.273228539299048,-11.804705377816973,0.9013878188659974,0.9013878188659974
26.32818206232521,-11.611949200747649,0.9055385138137417,0.9055385138137417
26.365919607596755,-11.414548999963008,0.9219544457292888,0.9219544457292888
26.378016401521936,-11.213062977845306,0.9,0.9
26.360651305514743,-11.012588162094973,0.9219544457292888,0.9219544457292888
26.311839580365774,-10.817950162640226,0.9340770846134703,0.9340770846134703
26.237848995724953,-10.631480641586611,0.9178779875342911,0.9178779875342911
26.147828219391045,-10.452353553233444,0.9013878188659974,0.9013878188659974
26.045323631456814,-10.280012668199529,0.9300537618869138,0.9300537618869138
25.92933083527102,-10.116491241051781,0.9433981132056604,0.9433981132056604
25.801544516163588,-9.961996544503467,0.9433981132056604,0.9433981132056604
25.663914577751704,-9.81621243152687,0.95524865872714,0.95524865872714
25.51718725070073,-9.679585765774657,0.9219544457292888,0.9219544457292888
25.362357723977947,-9.552216164570225,0.9219544457292888,0.9219544457292888
25.201584761859777,-9.432416504837265,0.9013878188659974,0.9013878188659974
25.036534557360174,-9.31861344105136,0.9300537618869138,0.9300537618869138
24.867821563585863,-9.21029165860348,0.9300537618869138,0.9300537618869138
24.698268770251673,-9.103284383176057,0.9013878188659974,0.9013878188659974
24.52970337419752,-8.99472916746508,0.9178779875342911,0.9178779875342911
24.361779709930623,-8.885183021551095,0.9178779875342911,0.9178779875342911
24.193813800503147,-8.775701699318423,0.9300537618869138,0.9300537618869138
24.025317926111242,-8.667038072272888,0.9300537618869138,0.9300537618869138
23.856126131119957,-8.559461309448704,0.9300537618869138,0.9300537618869138
23.686279368688474,-8.452921484060443,0.9178779875342911,0.9178779875342911
23.51597568621896,-8.347113377868702,0.9013878188659974,0.9013878188659974
23.345467481141096,-8.241635077868048,0.9178779875342911,0.9178779875342911
23.174932992330255,-8.136199282072312,0.9178779875342911,0.9178779875342911
23.00427134918368,-8.030969381334211,0.9013878188659974,0.9013878188659974
22.83334025216722,-7.926178111757738,0.9300537618869138,0.9300537618869138
22.66183223916819,-7.822333652499601,0.9178779875342911,0.9178779875342911
22.48998330963079,-7.719054123606265,0.9300537618869138,0.9300537618869138
22.31809197248961,-7.615845167739197,0.9300537618869138,0.9300537618869138
22.14613314721337,-7.512748738758634,0.9178779875342911,0.9178779875342911
21.97388577453961,-7.410135277396968,0.9300537618869138,0.9300537618869138
21.8012015979408,-7.308258776406515,0.9178779875342911,0.9178779875342911
21.62797412601828,-7.207308239646069,0.9178779875342911,0.9178779875342911
21.454494883555,-7.106791553125194,0.9300537618869138,0.9300537618869138
21.28066974507785,-7.006873954656245,0.9178779875342911,0.9178779875342911
21.106659930400845,-6.907278255663137,0.9300537618869138,0.9300537618869138
20.93259037707388,-6.807786991593978,0.9178779875342911,0.9178779875342911
20.758530502217532,-6.708278795337614,0.9300537618869138,0.9300537618869138
20.584525275133885,-6.608675058897116,0.9178779875342911,0.9178779875342911
20.41037124414988,-6.5093318438913546,0.9300537618869138,0.9300537618869138
20.235635665840572,-6.411015916407636,0.9178779875342911,0.9178779875342911
20.060289599862784,-6.313792211651043,0.9178779875342911,0.9178779875342911
19.884300141919972,-6.217737961526956,0.9394147114027969,0.9394147114027969
19.708317877689275,-6.121670659226691,0.9178779875342911,0.9178779875342911
19.532750284319793,-6.0248475003833555,0.9300537618869138,0.9300537618869138
19.357191465013944,-5.928008427014353,0.9178779875342911,0.9178779875342911
19.181111555997877,-5.832120646725297,0.9178779875342911,0.9178779875342911
19.00454467117098,-5.737131918737517,0.9013878188659974,0.9013878188659974
18.8277964718399,-5.642481166908395,0.9178779875342911,0.9178779875342911
18.651149681754728,-5.547641502729391,0.894427190999916,0.894427190999916
18.47424700751166,-5.453280482255796,0.9178779875342911,0.9178779875342911
18.295950096940718,-5.361585518909178,0.9178779875342911,0.9178779875342911
18.11599869197623,-5.273178380648489,0.9178779875342911,0.9178779875342911
17.935306708952332,-5.186292658732496,0.9178779875342911,0.9178779875342911
17.75435760593023,-5.099942100378622,0.894427190999916,0.894427190999916
17.57267355875979,-5.015156893078482,0.9340770846134703,0.9340770846134703
17.3893941510376,-4.933877314889539,0.9178779875342911,0.9178779875342911
17.20450504127027,-4.856320634800296,0.9340770846134703,0.9340770846134703
17.017862644156345,-4.783094265370532,0.9178779875342911,0.9178779875342911
16.829594356440857,-4.714158653709209,0.9340770846134703,0.9340770846134703
16.639954162586204,-4.649080359164725,0.9013878188659974,0.9013878188659974
16.449006971730782,-4.587950221583058,0.912414379544733,0.912414379544733
16.25674143031672,-4.531097542174861,0.9013878188659974,0.9013878188659974
16.063048292294795,-4.479331768379184,0.912414379544733,0.912414379544733
15.867924039423665,-4.4332389896369016,0.9055385138137417,0.9055385138137417
15.671484343458863,-4.39314532845263,0.9013878188659974,0.9013878188659974
15.474140715861205,-4.3577180658872825,0.9340770846134703,0.9340770846134703
15.276168817634149,-4.325977555215008,0.9055385138137417,0.9055385138137417
15.076715501272824,-4.306024398063407,0.9486832980505139,0.9486832980505139
14.876220246135285,-4.2997482110093,0.9,0.9
14.675737186498585,-4.295871472967041,0.9,0.9
14.47707802604914,-4.2691763082237255,0.9055385138137417,0.9055385138137417
14.277495883470031,-4.2502708383165615,0.9486832980505139,0.9486832980505139
14.076997740352018,-4.246251835392081,0.9,0.9
13.876563376934348,-4.2511045690201215,0.9500000000000001,0.9500000000000001
13.676053314064395,-4.253873566574679,0.9500000000000001,0.9500000000000001
13.476187810077782,-4.23882264250541,0.9,0.9
13.276872758743398,-4.217232668952188,0.912414379544733,0.912414379544733
13.076756121498557,-4.204164621026014,0.9500000000000001,0.9500000000000001
12.876306405020172,-4.1993161628858005,0.9,0.9
12.675887439896353,-4.202841551992413,0.9500000000000001,0.9500000000000001
12.475928725312972,-4.189585586259497,0.9,0.9
12.276294884801699,-4.171099553254475,0.912414379544733,0.912414379544733
12.076526250950664,-4.153317357450288,0.9500000000000001,0.9500000000000001
11.876173986613127,-4.14635624188004,0.9,0.9
11.675690398180096,-4.149041141616996,0.9,0.9
11.47521564751609,-4.151953747292827,0.9500000000000001,0.9500000000000001
11.274725592734551,-4.153217705083261,0.9500000000000001,0.9500000000000001
11.074296559538713,-4.148875239911465,0.9,0.9
10.87484297023242,-4.128687338449987,0.9,0.9
10.675588729595002,-4.106803342150523,0.9219544457292888,0.9219544457292888
10.474853329954517,-4.103897462400414,0.912414379544733,0.912414379544733
10.275710749004446,-4.1264167849671765,0.9,0.9
10.076668842664189,-4.149846056021974,0.9,0.9
9.876274530838879,-4.155677366484787,0.9500000000000001,0.9500000000000001
9.675791262629962,-4.1540133774132695,0.9500000000000001,0.9500000000000001
9.475393060146002,-4.147885541869665,0.9,0.9
9.274865604080176,-4.1454364119005165,0.9,0.9
9.07475208491752,-4.156887887147521,0.912414379544733,0.912414379544733
8.875856698220982,-4.182169327767136,0.9,0.9
8.679486211384932,-4.22273848692196,0.9013878188659974,0.9013878188659974
8.488361878813377,-4.284250140913686,0.873212459828649,0.873212459828649
8.306108401845021,-4.368089652788163,0.9013878188659974,0.9013878188659974
8.135158988461617,-4.472892082634348,0.8845903006477066,0.8845903006477066
7.976476598163694,-4.595419495122622,0.8746427842267951,0.8746427842267951
7.830822049743148,-4.733260961469252,0.8845903006477066,0.8845903006477066
7.698846625628722,-4.884230236236309,0.8746427842267951,0.8746427842267951
7.581525070493566,-5.046854675100189,0.8746427842267951,0.8746427842267951
7.480087023879622,-5.219780239158121,0.894427190999916,0.894427190999916
7.392973318054833,-5.400354870951545,0.894427190999916,0.894427190999916
7.317153586663215,-5.585955660652208,0.9013878188659974,0.9013878188659974
7.254118949901378,-5.776266848763974,0.9219544457292888,0.9219544457292888
7.204578079318364,-5.9705408367673956,0.9219544457292888,0.9219544457292888
7.164937821259347,-6.167073934211907,0.9219544457292888,0.9219544457292888
7.133666748598354,-6.365114964490861,0.9,0.9
7.110151241722448,-6.56421487999243,0.9219544457292888,0.9219544457292888
7.0963370132986014,-6.76423609619351,0.9,0.9
7.093494650893203,-6.96469397387345,0.9,0.9
7.1027270695288705,-7.164968825061175,0.9500000000000001,0.9500000000000001
7.120342182463999,-7.364692157803245,0.912414379544733,0.912414379544733
7.138278484856285,-7.564382933555559,0.9,0.9
7.150807518584991,-7.764480363957014,0.9500000000000001,0.9500000000000001
7.155688131050928,-7.964904756482039,0.9500000000000001,0.9500000000000001
7.151935802178872,-8.165345449203086,0.9500000000000001,0.9500000000000001
7.139485045884134,-8.365425189934632,0.9,0.9
7.113003191793709,-8.564127330185807,0.9219544457292888,0.9219544457292888
7.068561554900603,-8.759604861250505,0.9219544457292888,0.9219544457292888
7.010664114148089,-8.951541916682359,0.9340770846134703,0.9340770846134703
6.944053237765667,-9.1406434078935,0.8860022573334675,0.8860022573334675
6.870940514554416,-9.32733338949224,0.9178779875342911,0.9178779875342911
6.790838859307246,-9.511134517574824,0.894427190999916,0.894427190999916
6.698255289275318,-9.688959963030271,0.873212459828649,0.873212459828649
6.593509407254458,-9.85990534876465,0.890224690738243,0.890224690738243
6.486122541098769,-10.029214073246202,0.890224690738243,0.890224690738243
6.3770768542379,-10.197464237946704,0.890224690738243,0.890224690738243
6.265939167759099,-10.364337434945224,0.9178779875342911,0.9178779875342911
6.152368199323442,-10.529564941628092,0.9178779875342911,0.9178779875342911
6.037407331738787,-10.693829144358455,0.8746427842267951,0.8746427842267951
5.924296599026359,-10.859369264827166,0.9013878188659974,0.9013878188659974
5.815372394562318,-11.027694078090967,0.9013878188659974,0.9013878188659974
5.708353346513444,-11.197239654907536,0.9013878188659974,0.9013878188659974
5.599907234440563,-11.365873899553597,0.890224690738243,0.890224690738243
5.489237034636274,-11.533058575273072,0.890224690738243,0.890224690738243
5.378324273058076,-11.700082646067065,0.9013878188659974,0.9013878188659974
5.268690652448249,-11.867948859084478,0.9013878188659974,0.9013878188659974
5.159946807713125,-12.03639311041516,0.9013878188659974,0.9013878188659974
5.051818196750453,-12.205233056981134,0.9300537618869138,0.9300537618869138
4.9436868301441175,-12.37407120705642,0.890224690738243,0.890224690738243
4.834845082055691,-12.542452090092182,0.890224690738243,0.890224690738243
4.724652989310487,-12.709952073371756,0.9013878188659974,0.9013878188659974
4.61367384407962,-12.876932164422012,0.9013878188659974,0.9013878188659974
4.503478053964641,-13.044429700399887,0.9013878188659974,0.9013878188659974
4.395118564607356,-13.213120993332844,0.890224690738243,0.890224690738243
4.286999492214914,-13.381966812319464,0.890224690738243,0.890224690738243
4.176908229734772,-13.549531961626556,0.890224690738243,0.890224690738243
4.065029795200782,-13.715910755197761,0.9178779875342911,0.9178779875342911
3.9531026922814316,-13.88225676300327,0.9178779875342911,0.9178779875342911
3.8423277945870313,-14.049372174094767,0.8746427842267951,0.8746427842267951
3.7319315341470105,-14.216738184043313,0.9013878188659974,0.9013878188659974
3.6207517981792936,-14.383584638785091,0.9013878188659974,0.9013878188659974
3.508389299099824,-14.549636712993552,0.9013878188659974,0.9013878188659974
3.395150235136745,-14.71509249741251,0.890224690738243,0.890224690738243
3.281729191337118,-14.880423639143988,0.890224690738243,0.890224690738243
3.1683550335580737,-15.045786940175187,0.890224690738243,0.890224690738243
3.054716129037106,-15.210968371686347,0.9219544457292888,0.9219544457292888
2.9404895872435857,-15.375743908304269,0.890224690738243,0.890224690738243
2.8254790776471146,-15.539973156556567,0.890224690738243,0.890224690738243
2.709547900230709,-15.703553725329499,0.9219544457292888,0.9219544457292888
2.5926635045502566,-15.866454614064113,0.890224690738243,0.890224690738243
2.475106879627738,-16.02887117706411,0.890224690738243,0.890224690738243
2.357219591850066,-16.191047952471084,0.9013878188659974,0.9013878188659974
2.238926187891658,-16.352928625367255,0.9013878188659974,0.9013878188659974
2.1196309765235783,-16.514072160472672,0.9013878188659974,0.9013878188659974
1.9988040119472366,-16.674070107832403,0.8845903006477066,0.8845903006477066
1.8769635355113137,-16.83329826366579,0.890224690738243,0.890224690738243
1.755320933898381,-16.992677480088904,0.9013878188659974,0.9013878188659974
1.6343583512240127,-17.15257362712192,0.9013878188659974,0.9013878188659974
1.51293111547739,-17.31211682827895,0.9192388155425117,0.9192388155425117
1.3896937285916031,-17.4702647833258,0.890224690738243,0.890224690738243
1.2645518084959129,-17.626911152298003,0.9013878188659974,0.9013878188659974
1.1388055058928206,-17.783073210039575,0.8845903006477066,0.8845903006477066
1.0136643969809864,-17.939721853585247,0.890224690738243,0.890224690738243
0.8874673635095643,-18.09551893298439,0.8845903006477066,0.8845903006477066
0.7538898773651458,-18.24499819182561,0.9192388155425117,0.9192388155425117
0.6104066602354646,-18.38498237296447,0.9192388155425117,0.9192388155425117
0.4573927742144771,-18.51450967299915,0.9219544457292888,0.9219544457292888
0.2975547679955254,-18.63551658352344,0.890224690738243,0.890224690738243
0.1318483055916094,-18.74836752774066,0.890224690738243,0.890224690738243
-0.03883235029641184,-18.85356145018776,0.9394147114027969,0.9394147114027969
-0.21286528402900273,-18.953123478859514,0.9178779875342911,0.9178779875342911
-0.39109523865641443,-19.04493804309722,0.894427190999916,0.894427190999916
-0.5728942520226581,-19.129419653917832,0.9013878188659974,0.9013878188659974
-0.7593394441434635,-19.2031018329351,0.9192388155425117,0.9192388155425117
-0.9497685854855684,-19.265812901240928,0.9192388155425117,0.9192388155425117
-1.142090898853894,-19.322455891147527,0.912414379544733,0.912414379544733
-1.3366731499822389,-19.370768948448347,0.912414379544733,0.912414379544733
-1.5343053443873669,-19.404427408707917,0.9340770846134703,0.9340770846134703
-1.7327737531535352,-19.43277677126423,0.9013878188659974,0.9013878188659974
-1.9327436557805604,-19.446856509378875,0.9,0.9
-2.1332081517625734,-19.45032740109999,0.9500000000000001,0.9500000000000001
-2.3337031327299327,-19.450985479411,0.9500000000000001,0.9500000000000001
-2.534198029970493,-19.451673811851457,0.9500000000000001,0.9500000000000001
-2.7346916494211397,-19.452640442628248,0.9500000000000001,0.9500000000000001
-2.935054136478179,-19.44702116608721,0.9,0.9
-3.1341515899960046,-19.42379441265767,0.9055385138137417,0.9055385138137417
-3.3331232928254697,-19.39913859794861,0.9,0.9
-3.5305778736162443,-19.36455492579463,0.9219544457292888,0.9219544457292888
-3.72616142000646,-19.320491686974,0.9219544457292888,0.9219544457292888
-3.920154391752897,-19.269876807541205,0.9219544457292888,0.9219544457292888
-4.1125112522588205,-19.213354283670494,0.9340770846134703,0.9340770846134703
-4.302660072810804,-19.149785783402212,0.9013878188659974,0.9013878188659974
-4.490385558968079,-19.079390305297146,0.9178779875342911,0.9178779875342911
-4.676398062479493,-19.004575430757754,0.9340770846134703,0.9340770846134703
-4.861535020016818,-18.927616278506427,0.9192388155425117,0.9192388155425117
-5.045539345891695,-18.84799400259037,0.894427190999916,0.894427190999916
-5.227640206816221,-18.764126315296284,0.9394147114027969,0.9394147114027969
-5.406423689233327,-18.67339322285273,0.9394147114027969,0.9394147114027969
-5.582427888732649,-18.577374310515907,0.9178779875342911,0.9178779875342911
-5.756719474432476,-18.47827351565287,0.9300537618869138,0.9300537618869138
-5.929897505338117,-18.377238859018753,0.9178779875342911,0.9178779875342911
-6.102301249305982,-18.274888461657213,0.9300537618869138,0.9300537618869138
-6.274170396721747,-18.171642805145762,0.9300537618869138,0.9300537618869138
-6.445561248919267,-18.067605049104206,0.9178779875342911,0.9178779875342911
-6.616522007105373,-17.96286198013976,0.9300537618869138,0.9300537618869138
-6.787225252820805,-17.857699605507236,0.9300537618869138,0.9300537618869138
-6.958049683621403,-17.75273433521555,0.9178779875342911,0.9178779875342911
-7.128961727046726,-17.647911656051246,0.9013878188659974,0.9013878188659974
-7.30000286405306,-17.543299745169275,0.9178779875342911,0.9178779875342911
-7.471071564463442,-17.438732920539003,0.9178779875342911,0.9178779875342911
-7.6420967104676,-17.334094878903734,0.9013878188659974,0.9013878188659974
-7.813064450522067,-17.229363066569782,0.9300537618869138,0.9300537618869138
-7.984016751714611,-17.124606053831535,0.9178779875342911,0.9178779875342911
-8.154952060406744,-17.019821316869773,0.9300537618869138,0.9300537618869138
-8.325844828397843,-16.914967217059946,0.9300537618869138,0.9300537618869138
-8.496692486183028,-16.810039628973563,0.9300537618869138,0.9300537618869138
-8.667523011681135,-16.70508414719587,0.9178779875342911,0.9178779875342911
-8.838309597773694,-16.600057158083157,0.9300537618869138,0.9300537618869138
-9.00924650708445,-16.49527525692098,0.9178779875342911,0.9178779875342911
-9.18026368385016,-16.390624173500218,0.9013878188659974,0.9013878188659974
-9.351529035887475,-16.286379759575485,0.9300537618869138,0.9300537618869138
-9.522787553040263,-16.182124130579055,0.9178779875342911,0.9178779875342911
-9.693727530851621,-16.077347202960237,0.9178779875342911,0.9178779875342911
-9.864360590761304,-15.972070996335324,0.9300537618869138,0.9300537618869138
-10.03501069130623,-15.866822422373145,0.9300537618869138,0.9300537618869138
-10.205850407263606,-15.761881951962474,0.9178779875342911,0.9178779875342911
-10.376846426923985,-15.657196328041877,0.9300537618869138,0.9300537618869138
-10.547928569078936,-15.552651502261247,0.9300537618869138,0.9300537618869138
-10.71900136784175,-15.448091393601795,0.9013878188659974,0.9013878188659974
-10.889857067694033,-15.343177007301621,0.9013878188659974,0.9013878188659974
-11.0603549758955,-15.237682129861202,0.9178779875342911,0.9178779875342911
-11.230817395047698,-15.13212991980874,0.9178779875342911,0.9178779875342911
-11.401623447753726,-15.027134572084842,0.9300537618869138,0.9300537618869138
-11.573012677514283,-14.923094380729115,0.9300537618869138,0.9300537618869138
-11.744724595216129,-14.81958721314695,0.9178779875342911,0.9178779875342911
-11.91625547655841,-14.715780449375776,0.9300537618869138,0.9300537618869138
-12.087450297696071,-14.611420286198323,0.9300537618869138,0.9300537618869138
-12.258495874039612,-14.50681564134219,0.9178779875342911,0.9178779875342911
-12.429570036503916,-14.402257761022751,0.9178779875342911,0.9178779875342911
-12.600756399081451,-14.29788368728339,0.9178779875342911,0.9178779875342911
-12.772098522253499,-14.19376552323799,0.9178779875342911,0.9178779875342911
-12.943476751998483,-14.089706790456505,0.9013878188659974,0.9013878188659974
-13.114565990224461,-13.985173760919462,0.9178779875342911,0.9178779875342911
-13.28511272093039,-13.879758000815787,0.9178779875342911,0.9178779875342911
-13.455609319528888,-13.774261384698784,0.9300537618869138,0.9300537618869138
-13.626602296075717,-13.669570969150442,0.9300537618869138,0.9300537618869138
-13.798601233408682,-13.566542074928856,0.9178779875342911,0.9178779875342911
-13.970853451990505,-13.463936547330855,0.9300537618869138,0.9300537618869138
-14.142130422285558,-13.359713649280872,0.9300537618869138,0.9300537618869138
-14.312193888405766,-13.25352002931039,0.9178779875342911,0.9178779875342911
-14.48242962909578,-13.147603388039833,0.9013878188659974,0.9013878188659974
-14.653909144560675,-13.043712967045332,0.9178779875342911,0.9178779875342911
-14.825928224759453,-12.94071708610206,0.9178779875342911,0.9178779875342911
-14.997354665679739,-12.836738975279442,0.9013878188659974,0.9013878188659974
-15.167993751863943,-12.73147257497865,0.9178779875342911,0.9178779875342911
-15.3386734311533,-12.626272174128271,0.9178779875342911,0.9178779875342911
-15.509976298615808,-12.522089534274794,0.9300537618869138,0.9300537618869138
-15.681723275599223,-12.418640613141928,0.9300537618869138,0.9300537618869138
-15.853312779037326,-12.314930904267444,0.9178779875342911,0.9178779875342911
-16.024235521100454,-12.210126014829951,0.9300537618869138,0.9300537618869138
-16.194895560473068,-12.104893557593817,0.9300537618869138,0.9300537618869138
-16.365885877881873,-12.000198932246697,0.9178779875342911,0.9178779875342911
-16.53739471226959,-11.896355733840826,0.894427190999916,0.894427190999916
-16.70916706369174,-11.792948878826971,0.9178779875342911,0.9178779875342911
-16.880952957646926,-11.68956451454325,0.9013878188659974,0.9013878188659974
-17.052649489090097,-11.586031816890046,0.9300537618869138,0.9300537618869138
-17.224224873403845,-11.48229847706064,0.9178779875342911,0.9178779875342911
-17.39574381010687,-11.378471822065606,0.9178779875342911,0.9178779875342911
-17.567231527548156,-11.274593587907397,0.9300537618869138,0.9300537618869138
-17.738988249939936,-11.171160824867941,0.9178779875342911,0.9178779875342911
-17.91093201547901,-11.068039261422069,0.9300537618869138,0.9300537618869138
-18.082904845868274,-10.964966155319935,0.9300537618869138,0.9300537618869138
-18.254736558291704,-10.861657990402616,0.9178779875342911,0.9178779875342911
-18.426360783736424,-10.75800551553397,0.9300537618869138,0.9300537618869138
-18.59774041114393,-10.65394912194769,0.9300537618869138,0.9300537618869138
-18.7689952675728,-10.54968745696529,0.9013878188659974,0.9013878188659974
-18.940375227718654,-10.445631632690892,0.894427190999916,0.894427190999916
-19.112095097040903,-10.342137752480422,0.9178779875342911,0.9178779875342911
-19.284086765844837,-10.239096111781182,0.9013878188659974,0.9013878188659974
-19.45619752533173,-10.136253439037954,0.9178779875342911,0.9178779875342911
-19.628401394331433,-10.033567059891935,0.9178779875342911,0.9178779875342911
-19.80091058754353,-9.931394195934965,0.9300537618869138,0.9300537618869138
-19.973630994812524,-9.829578766566915,0.9178779875342911,0.9178779875342911
-20.146274755641056,-9.727633486113792,0.9178779875342911,0.9178779875342911
-20.31847438415267,-9.624940096796871,0.9300537618869138,0.9300537618869138
-20.490173512867035,-9.521411799727536,0.9178779875342911,0.9178779875342911
-20.66172396694953,-9.417637222318579,0.9300537618869138,0.9300537618869138
-20.833477566582914,-9.314199286758331,0.9300537618869138,0.9300537618869138
-21.00544679114279,-9.211120180860979,0.9178779875342911,0.9178779875342911
-21.177531815920553,-9.108234505893433,0.9300537618869138,0.9300537618869138
-21.349742042777383,-9.005558732378281,0.9300537618869138,0.9300537618869138
-21.522092866949375,-8.903118911876147,0.9178779875342911,0.9178779875342911
-21.694364506528206,-8.80054598980695,0.9300537618869138,0.9300537618869138
-21.86676382423539,-8.698187868674383,0.9013878188659974,0.9013878188659974
-22.03951508971,-8.596425040151551,0.894427190999916,0.894427190999916
-22.212601657355215,-8.495233345647419,0.9178779875342911,0.9178779875342911
-22.385549833990904,-8.393805456748442,0.9013878188659974,0.9013878188659974
-22.557895005208287,-8.291356681337671,0.9178779875342911,0.9178779875342911
-22.729747206234176,-8.188082634277414,0.9178779875342911,0.9178779875342911
-22.901566896166607,-8.084754476806385,0.9300537618869138,0.9300537618869138
-23.073736997121003,-7.982011416526915,0.9178779875342911,0.9178779875342911
-23.246367253104967,-7.88004348561739,0.9013878188659974,0.9013878188659974
-23.419412934122054,-7.778781897977693,0.9178779875342911,0.9178779875342911
-23.592745664582058,-7.678012450890911,0.9178779875342911,0.9178779875342911
-23.765976043321363,-7.577067253238978,0.9300537618869138,0.9300537618869138
-23.938714318580335,-7.475282463424461,0.9178779875342911,0.9178779875342911
-24.11110329296035,-7.372906886569336,0.9300537618869138,0.9300537618869138
-24.283561489082206,-7.270648027489752,0.9178779875342911,0.9178779875342911
-24.456394543311948,-7.1690240881356235,0.9300537618869138,0.9300537618869138
-24.629554799186906,-7.067958612618577,0.9300537618869138,0.9300537618869138
-24.802893311856035,-6.967199092358732,0.9178779875342911,0.9178779875342911
-24.97617096442827,-6.866334981470797,0.9300537618869138,0.9300537618869138
-25.14915985670523,-6.764976540734928,0.9178779875342911,0.9178779875342911
-25.322020290909695,-6.663399094013051,0.9300537618869138,0.9300537618869138
-25.49522244029985,-6.5624051802852295,0.9178779875342911,0.9178779875342911
-25.669098220358688,-6.4625763019800075,0.9300537618869138,0.9300537618869138
-25.842870109705324,-6.362567650306053,0.9300537618869138,0.9300537618869138
-26.014486893120623,-6.258913426471559,0.9178779875342911,0.9178779875342911
-26.18578232565803,-6.154726340975562,0.9300537618869138,0.9300537618869138
-26.364794888262438,-6.064418517104192,0.9340770846134703,0.9340770846134703
-26.55339333031058,-5.995908817247837,0.9013878188659974,0.9013878188659974
-26.750088445609776,-5.954585719883188,0.9486832980505139,0.9486832980505139
-26.951498406431693,-5.948919313286469,0.9,0.9
-27.15325349646651,-5.986998665397224,0.9055385138137417,0.9055385138137417
-27.34861948277118,-6.066767674783617,0.9192388155425117,0.9192388155425117
-27.52991765971463,-6.182115653167937,0.9300537618869138,0.9300537618869138
-27.689466841248077,-6.326921263929359,0.9192388155425117,0.9192388155425117
-27.81958584132272,-6.4950631704470485,0.9178779875342911,0.9178779875342911
-27.912593473889746,-6.680420036100175,0.9013878188659974,0.9013878188659974
-27.961546529364792,-6.876822665112164,0.9,0.9
-27.96791817829358,-7.077556043693107,0.9,0.9
-27.938832948491367,-7.2761146935794505,0.9219544457292888,0.9219544457292888
-27.8831505817295,-7.4688435664126125,0.9192388155425117,0.9192388155425117
-27.815246751101505,-7.65748521013476,0.9013878188659974,0.9013878188659974
-27.746197620729777,-7.845716212882621,0.9192388155425117,0.9192388155425117
-27.677791979433024,-8.034182116589982,0.9192388155425117,0.9192388155425117
-27.609941626941318,-8.222848537860203,0.9013878188659974,0.9013878188659974
-27.544358725620427,-8.412313573770447,0.9340770846134703,0.9340770846134703
-27.48164171794558,-8.602747377076106,0.9192388155425117,0.9192388155425117
-27.419546172007337,-8.793385305502614,0.9192388155425117,0.9192388155425117
-27.356096148968252,-8.983576809175533,0.9013878188659974,0.9013878188659974
-27.29191733708463,-9.173523619877027,0.9340770846134703,0.9340770846134703
-27.228333160450124,-9.363670138458712,0.9192388155425117,0.9192388155425117
-27.165436591041388,-9.554045412809183,0.9013878188659974,0.9013878188659974
-27.1022947919743,-9.744339401184135,0.9013878188659974,0.9013878188659974
-27.038458439183742,-9.934401583945057,0.9340770846134703,0.9340770846134703
-26.974623270652923,-10.124464168898754,0.9192388155425117,0.9192388155425117
-26.911618772970712,-10.314803581137824,0.9013878188659974,0.9013878188659974
-26.84916450777338,-10.505324383907833,0.9340770846134703,0.9340770846134703
-26.78580152803903,-10.695544149263855,0.9340770846134703,0.9340770846134703
-26.71947874595717,-10.884752468314375,0.9192388155425117,0.9192388155425117
-26.650073002473118,-11.072852136190235,0.894427190999916,0.894427190999916
-26.58194991440998,-11.261418858517516,0.9192388155425117,0.9192388155425117
-26.51655910854921,-11.450951492645723,0.9013878188659974,0.9013878188659974
-26.4513973936574,-11.640563185531974,0.9013878188659974,0.9013878188659974
-26.38542250164083,-11.829893436177667,0.9340770846134703,0.9340770846134703
-26.320182552469024,-12.019481524092033,0.9013878188659974,0.9013878188659974
-26.247774577509574,-12.206438348260102,0.9340770846134703,0.9340770846134703
-26.154246843850515,-12.38467762383158,0.9178779875342911,0.9178779875342911
-26.036683137623882,-12.54805242489794,0.890224690738243,0.890224690738243
-25.89497286290791,-12.690598145124211,0.890224690738243,0.890224690738243
-25.73253690440276,-12.808781386045636,0.9300537618869138,0.9300537618869138
-25.555159824624397,-12.902318029932195,0.9178779875342911,0.9178779875342911
-25.36968045667276,-12.97848707491559,0.9192388155425117,0.9192388155425117
-25.180274298643244,-13.044236085624563,0.9013878188659974,0.9013878188659974
-24.99101674580033,-13.110415112302015,0.9340770846134703,0.9340770846134703
-24.802446476651642,-13.178532835622915,0.9192388155425117,0.9192388155425117
-24.613520385426067,-13.24565273808032,0.9013878188659974,0.9013878188659974
-24.423845254887457,-13.310630359551045,0.9340770846134703,0.9340770846134703
-24.2346303736304,-13.37693333979364,0.9178779875342911,0.9178779875342911
-24.04716325089736,-13.44801399594695,0.8860022573334675,0.8860022573334675
-23.861967954052883,-13.524813886512355,0.9192388155425117,0.9192388155425117
-23.67951515243702,-13.607919275617613,0.9394147114027969,0.9394147114027969
-23.501323763455144,-13.699796457286746,0.9178779875342911,0.9178779875342911
-23.32844749611186,-13.801304778800786,0.9178779875342911,0.9178779875342911
-23.161767758412385,-13.912706039473901,0.9178779875342911,0.9178779875342911
-23.002201196677415,-14.034074001103786,0.9219544457292888,0.9219544457292888
-22.850406046991335,-14.165020388762201,0.9192388155425117,0.9192388155425117
-22.707388779475703,-14.30550039446854,0.9192388155425117,0.9192388155425117
-22.57474523355474,-14.45580653985041,0.9192388155425117,0.9192388155425117
-22.45459007996749,-14.616261864781723,0.9013878188659974,0.9013878188659974
-22.34764321886393,-14.785804606943952,0.9178779875342911,0.9178779875342911
-22.253693424938533,-14.962874236959127,0.894427190999916,0.894427190999916
-22.172158549941905,-15.145989014750674,0.9340770846134703,0.9340770846134703
-22.102713594009124,-15.333998686185058,0.9192388155425117,0.9192388155425117
-22.048207397118958,-15.526852103976516,0.9486832980505139,0.9486832980505139
-22.003258566101785,-15.722233447739697,0.912414379544733,0.912414379544733
-21.966898085961716,-15.919328911644287,0.9219544457292888,0.9219544457292888
-21.955178323904235,-16.119409183181688,0.9,0.9
-21.96818011336904,-16.319449372406677,0.9013878188659974,0.9013878188659974
-22.00038200294593,-16.517319991065833,0.8860022573334675,0.8860022573334675
-22.045145930463747,-16.712715622086797,0.9219544457292888,0.9219544457292888
-22.100981559863396,-16.905250145427125,0.8860022573334675,0.8860022573334675
-22.165163676572266,-17.095191428119307,0.8860022573334675,0.8860022573334675
-22.236611827205692,-17.2825251742806,0.9178779875342911,0.9178779875342911
-22.314480008168378,-17.467274567625292,0.894427190999916,0.894427190999916
-22.40109664913875,-17.648083860635033,0.873212459828649,0.873212459828649
-22.49712601087789,-17.824060572365696,0.9300537618869138,0.9300537618869138
-22.60284749619317,-17.994390682540924,0.8746427842267951,0.8746427842267951
-22.718916151986434,-18.157838568802127,0.9013878188659974,0.9013878188659974
-22.845959057012536,-18.312915795478943,0.9192388155425117,0.9192388155425117
-22.983609061430275,-18.458657453137164,0.9192388155425117,0.9192388155425117
-23.130220791451787,-18.59537572806458,0.890224690738243,0.890224690738243
-23.285762251851754,-18.721848186444284,0.9219544457292888,0.9219544457292888
-23.449916943417456,-18.836934612367173,0.9178779875342911,0.9178779875342911
-23.621975167484614,-18.939853462108278,0.9013878188659974,0.9013878188659974
-23.79973127975614,-19.032562031847807,0.9178779875342911,0.9178779875342911
-23.981595046502623,-19.116982794121412,0.9192388155425117,0.9192388155425117
-24.168877416679347,-19.188523697915247,0.894427190999916,0.894427190999916
-24.35998430512756,-19.249094450173047,0.873212459828649,0.873212459828649
-24.55607917869758,-19.290235874715613,0.8860022573334675,0.8860022573334675
-24.753599476715095,-19.324150794250528,0.9013878188659974,0.9013878188659974
-24.953954008211543,-19.33099187561716,0.912414379544733,0.912414379544733
-25.153613058434388,-19.31273155168007,0.9500000000000001,0.9500000000000001
-25.352212910633988,-19.285308723941633,0.912414379544733,0.912414379544733
-25.54931071942701,-19.248994691409685,0.9013878188659974,0.9013878188659974
-25.74341996963335,-19.19885424749985,0.8860022573334675,0.8860022573334675
-25.935074761607435,-19.13997880776144,0.9013878188659974,0.9013878188659974
-26.125644495513168,-19.077684028341803,0.9192388155425117,0.9192388155425117
-26.314869381365007,-19.011414074984597,0.9340770846134703,0.9340770846134703
-26.503300370050145,-18.942912734877794,0.9013878188659974,0.9013878188659974
-26.691938914048464,-18.87498660289632,0.9178779875342911,0.9178779875342911
-26.881282119819495,-18.809049138919658,0.9340770846134703,0.9340770846134703
-27.070772332755617,-18.743534569325185,0.9013878188659974,0.9013878188659974
-27.259849041273757,-18.67683667548601,0.9192388155425117,0.9192388155425117
-27.448596832520444,-18.609212876337097,0.9192388155425117,0.9192388155425117
-27.63733590810019,-18.541564753498786,0.9013878188659974,0.9013878188659974
-27.826393924916967,-18.474813774194068,0.9192388155425117,0.9192388155425117
-28.016050015645124,-18.409781563643804,0.9340770846134703,0.9340770846134703
-28.20630507005355,-18.346523298075805,0.9013878188659974,0.9013878188659974
-28.39698188633105,-18.28454755815948,0.9013878188659974,0.9013878188659974
-28.587763249059275,-18.222893885014265,0.9192388155425117,0.9192388155425117
-28.777713636639756,-18.158733662713953,0.9340770846134703,0.9340770846134703
-28.966012853235778,-18.08987962467485,0.9013878188659974,0.9013878188659974
-29.153675297149814,-18.019299643333415,0.9340770846134703,0.9340770846134703
-29.3426191999033,-17.952239500723756,0.9340770846134703,0.9340770846134703
-29.53310059600211,-17.88966803012131,0.9013878188659974,0.9013878188659974
-29.72341185647836,-17.82658408354264,0.9192388155425117,0.9192388155425117
-29.912345677181705,-17.759487012692833,0.9340770846134703,0.9340770846134703
-30.10048018419885,-17.690174926106888,0.9178779875342911,0.9178779875342911
-30.28911491333888,-17.62224028107223,0.9192388155425117,0.9192388155425117
-30.478735997555557,-17.557109427812403,0.9340770846134703,0.9340770846134703
-30.668746815763956,-17.493119682804533,0.9013878188659974,0.9013878188659974
-30.857674013084825,-17.42600514986623,0.9192388155425117,0.9192388155425117
-31.04558845314177,-17.356099086799272,0.9340770846134703,0.9340770846134703
-31.23326690872101,-17.28556182149987,0.9013878188659974,0.9013878188659974
-31.42081028662474,-17.21466616831854,0.9340770846134703,0.9340770846134703
-31.608015281450772,-17.142882872742902,0.9013878188659974,0.9013878188659974
-31.79496360783494,-17.070432353278072,0.9178779875342911,0.9178779875342911
-31.982453048308134,-16.999396322643168,0.894427190999916,0.894427190999916
-32.17034351483548,-16.929425741526295,0.9192388155425117,0.9192388155425117
-32.357874660456496,-16.858498572867916,0.9340770846134703,0.9340770846134703
-32.54523079237795,-16.78710970012863,0.9013878188659974,0.9013878188659974
-32.7330325407345,-16.71689854366604,0.9340770846134703,0.9340770846134703
-32.91933566831138,-16.64282508106306,0.9178779875342911,0.9178779875342911
-33.10009184001797,-16.556222425979193,0.9178779875342911,0.9178779875342911
-33.26825680358819,-16.447191970512385,0.9013878188659974,0.9013878188659974
-33.41837306975896,-16.314571776766645,0.9192388155425117,0.9192388155425117
-33.549786828009246,-16.163219800932282,0.9013878188659974,0.9013878188659974
-33.658103964084525,-15.994796967810096,0.9192388155425117,0.9192388155425117
-33.72910137097523,-15.807602520307762,0.9340770846134703,0.9340770846134703
-33.7599331667183,-15.610121643935113,0.9,0.9
-33.75760197051283,-15.409656708606015,0.9,0.9
-33.75476456847863,-15.209196774976652,0.9,0.9
-33.7367993473654,-15.009522524020193,0.9219544457292888,0.9219544457292888
-33.71800248985171,-14.80991702343327,0.9,0.9
-33.704014209915734,-14.609908161779044,0.9,0.9
-33.68792058185319,-14.410069605450218,0.9219544457292888,0.9219544457292888
-33.66753919265877,-14.210612750278813,0.9,0.9
-33.650349040751586,-14.010853163413943,0.9,0.9
-33.628042962059375,-13.811600649127877,0.9055385138137417,0.9055385138137417
-33.60855026868908,-13.612057768028277,0.9,0.9
-33.587759737223514,-13.412646782817761,0.9219544457292888,0.9219544457292888
-33.56557508504508,-13.213382447619198,0.9,0.9
-33.54474404558267,-13.013971052901786,0.9340770846134703,0.9340770846134703
-33.52364352353151,-12.814588286891867,0.9013878188659974,0.9013878188659974
-33.50247237666217,-12.615213004279381,0.9,0.9
-33.479824363053154,-12.416000923089578,0.9055385138137417,0.9055385138137417
-33.45654605792646,-12.216861849146511,0.9,0.9
-33.43591912432799,-12.017429396078553,0.912414379544733,0.912414379544733
-33.41329648334422,-11.81821441692773,0.9,0.9
-33.39048412900847,-11.619020430526078,0.9219544457292888,0.9219544457292888
-33.36868779808891,-11.419712643418885,0.9,0.9
-33.347224968406664,-11.220368538332512,0.9340770846134703,0.9340770846134703
-33.32463518066125,-11.021149271716542,0.9013878188659974,0.9013878188659974
-33.303180487366376,-10.821805024582579,0.9,0.9
-33.27998823245934,-10.622655231522693,0.9055385138137417,0.9055385138137417
-33.25386994865153,-10.423832721173657,0.9,0.9
-33.25826411279591,-10.223680121091576,0.9,0.9
-33.3071731613773,-10.025370170813392,0.8631338250816034,0.8631338250816034
-33.39432753612625,-9.833984257579232,0.873212459828649,0.873212459828649
-33.51399233354131,-9.655072411898185,0.8200609733428363,0.8200609733428363
-33.66043265012106,-9.494184664279363,0.8514693182963202,0.8514693182963202
-33.82791358236409,-9.356871045231841,0.8500000000000001,0.8500000000000001
-34.01070022676892,-9.248681585264766,0.9219544457292888,0.9219544457292888
-34.20305767983414,-9.175166314887209,0.9500000000000001,0.9500000000000001
-34.401142151989475,-9.145633264555538,0.9013878188659974,0.9013878188659974
-34.599236341183165,-9.115851739158991,0.9219544457292888,0.9219544457292888
-34.78865130312885,-9.050572536617327,0.9340770846134703,0.9340770846134703
-34.9646137175042,-8.954785005778149,0.9178779875342911,0.9178779875342911
-35.1224712635483,-8.831686497553559,0.9192388155425117,0.9192388155425117
-35.26233286248842,-8.688148010789462,0.9433981132056604,0.9433981132056604
-35.371173395233654,-8.52033801493488,0.9394147114027969,0.9394147114027969
-35.43600970952799,-8.330846997462428,0.9500000000000001,0.9500000000000001
-35.46368550655782,-8.132908526032981,0.9,0.9
-35.45455146847055,-7.932649514943092,0.9,0.9
-35.44858794325904,-7.732238413146441,0.9500000000000001,0.9500000000000001
-35.45173089399216,-7.531767479228572,0.9,0.9
-35.45796457765929,-7.33138665186311,0.9,0.9
-35.44420534306968,-7.131436215434202,0.9219544457292888,0.9219544457292888
-35.42345965072674,-6.932026184619903,0.9,0.9
-35.40482036232236,-6.7324356611770595,0.9,0.9
-35.400745662828044,-6.531949400136839,0.9,0.9
-35.4016591712912,-6.331463458731016,0.9,0.9
-35.402049765786465,-6.130967610577141,0.9,0.9
-35.3966089413243,-5.9305201658758575,0.9219544457292888,0.9219544457292888
-35.37242431205394,-5.731534289698509,0.9,0.9
-35.35375525207653,-5.531918906316558,0.9,0.9
-35.34790864159487,-5.331510137085861,0.9500000000000001,0.9500000000000001
-35.349851084397486,-5.131032811507494,0.9500000000000001,0.9500000000000001
-35.35171579803586,-4.930568033255518,0.9,0.9
-35.34152351029127,-4.730450699178382,0.912414379544733,0.912414379544733
-35.31743055970818,-4.531341425775121,0.9,0.9
-35.30630492565854,-4.331274305290133,0.9,0.9
-35.28510179360718,-4.1318784769432835,0.9219544457292888,0.9219544457292888
-35.256571000065904,-3.933429619500996,0.9,0.9
-35.21658691010553,-3.736994103653531,0.9013878188659974,0.9013878188659974
-35.16812745625169,-3.542464301466973,0.9013878188659974,0.9013878188659974
-35.11435996722064,-3.3493438898656116,0.9013878188659974,0.9013878188659974
-35.05276095397373,-3.1585576456880147,0.9013878188659974,0.9013878188659974
-34.98105701728276,-2.97131586558487,0.9192388155425117,0.9192388155425117
-34.90281162588768,-2.7867191549603594,0.894427190999916,0.894427190999916
-34.81695677643131,-2.605542723480212,0.9178779875342911,0.9178779875342911
-34.72459259688894,-2.4275951677907104,0.9013878188659974,0.9013878188659974
-34.623406607561456,-2.2545122746553163,0.9178779875342911,0.9178779875342911
-34.51373958977042,-2.086686017627625,0.8845903006477066,0.8845903006477066
-34.39621802069075,-1.9242761521299705,0.9178779875342911,0.9178779875342911
-34.27125789542443,-1.7675047859865767,0.9013878188659974,0.9013878188659974
-34.13868812813417,-1.6171072727173894,0.9192388155425117,0.9192388155425117
-33.998896547260266,-1.4733933039039562,0.9192388155425117,0.9192388155425117
-33.85206161116944,-1.3368886228226808,0.8845903006477066,0.8845903006477066
-33.70015097036104,-1.2060546958742493,0.9013878188659974,0.9013878188659974
-33.54440909481288,-1.0797925201772307,0.9178779875342911,0.9178779875342911
-33.386075489075644,-0.9567961966838557,0.9219544457292888,0.9219544457292888
-33.22465122397577,-0.8378902703669402,0.890224690738243,0.890224690738243
-33.05841416633332,-0.7258139029741568,0.894427190999916,0.894427190999916
-32.88657481254705,-0.6225599683245524,0.9178779875342911,0.9178779875342911
-32.711238211930215,-0.5253468098419879,0.894427190999916,0.894427190999916
-32.5324506331832,-0.4346314872628544,0.894427190999916,0.894427190999916
-32.34954693739287,-0.3525437562770186,0.9394147114027969,0.9394147114027969
-32.16292187552089,-0.2792776096267199,0.9013878188659974,0.9013878188659974
-31.974402522722404,-0.2110210022895848,0.9192388155425117,0.9192388155425117
-31.783992177168336,-0.14825908525612996,0.8860022573334675,0.8860022573334675
-31.589897948360136,-0.09832591382436011,0.8860022573334675,0.8860022573334675
-31.39253748606621,-0.06332326038614411,0.912414379544733,0.912414379544733
-31.194544877095773,-0.03175773668270275,0.9,0.9
-30.9955208430395,-0.009007717853762998,0.9219544457292888,0.9219544457292888
-30.795138957525012,-0.002800969762954431,0.9500000000000001,0.9500000000000001
-30.594655568034984,-0.00043739379422271283,0.9500000000000001,0.9500000000000001
-30.39416347456803,0.0008299684562144656,0.9,0.9
-30.19366818129479,0.0014018748435188774,0.9,0.9
-29.99317203627566,0.0014803866306069538,0.9,0.9
-29.792675995282018,0.001244737940676145,0.9,0.9
-29.59218017287165,0.0008627189889218191,0.9,0.9
-29.391684360058107,0.0004776436289435085,0.9,0.9
-29.191188396146124,0.0001782232297859674,0.9,0.9
-28.99069234660102,-5.614160998599851e-05,0.9500000000000001,0.9500000000000001
-28.79019623076165,-0.0002245195356449228,0.9500000000000001,0.9500000000000001
-28.589700075382957,-0.00033656536674961114,0.9500000000000001,0.9500000000000001
-28.389203899275227,-0.00040208568382664304,0.9500000000000001,0.9500000000000001
-28.188707714437797,-0.0004309049612501183,0.9500000000000001,0.9500000000000001
-27.988211527467215,-0.0004328621154701445,0.9500000000000001,0.9500000000000001
-27.787715341058057,-0.0004172227015100075,0.9500000000000001,0.9500000000000001
-27.587219156082504,-0.0003885116256349949,0.9500000000000001,0.9500000000000001
-27.386722972837727,-0.0003492714254153356,0.9500000000000001,0.9500000000000001
-27.186226794620385,-0.0002902696966485844,0.9500000000000001,0.9500000000000001
-26.98573061525298,-0.0002348420711043439,0.9500000000000001,0.9500000000000001
-26.785234437019074,-0.0001753979124871687,0.9500000000000001,0.9500000000000001
-26.58473825977198,-0.00011271752091063499,0.9500000000000001,0.9500000000000001
-26.384242082976066,-4.860876741956191e-05,0.9500000000000001,0.9500000000000001
-26.183745906006397,1.4953508128032901e-05,0.9,0.9
-25.983249728250968,7.598245691590487e-05,0.9,0.9
-25.782753549173357,0.00013249279522706183,0.9,0.9
-25.582257368384955,0.00018255389632808536,0.9,0.9
-25.381761185855076,0.0002250670008463188,0.9,0.9
-25.181265001783032,0.00025953640855706686,0.9,0.9
-24.98076881642822,0.0002854486937583938,0.9,0.9
-24.780272630116308,0.0003025637866136884,0.9,0.9
-24.57977644307112,0.0003025730681683816,0.9,0.9
-24.37928025607838,0.00029909338984816536,0.9,0.9
-24.178784069438056,0.00028647162533745586,0.9,0.9
-23.97828788344704,0.00026597493929404146,0.9,0.9
-23.77779169828435,0.00023853930217525903,0.9,0.9
-23.57729551403076,0.00020510542577711162,0.9,0.9
-23.376799330682125,0.00016661858505373015,0.9,0.9
-23.176303148162848,0.00012402473608252718,0.9,0.9
-22.97580696633917,7.827017354755493e-05,0.9,0.9
-22.775310785032172,3.0302500416077014e-05,0.9,0.9
-22.574814604032607,-1.8934659882326203e-05,0.9500000000000001,0.9500000000000001
-22.374318423148544,-6.863243538489695e-05,0.9500000000000001,0.9500000000000001
-22.17382224258748,-0.00011952357734585617,0.9500000000000001,0.9500000000000001
-21.973326062804034,-0.0001731451440245782,0.9500000000000001,0.9500000000000001
-21.77282988029118,-0.0002158583591979117,0.9500000000000001,0.9500000000000001
-21.57233369711078,-0.00025522732692040954,0.9500000000000001,0.9500000000000001
-21.371837513081253,-0.00028998254986253944,0.9500000000000001,0.9500000000000001
-21.171341328160903,-0.0003191391956695939,0.9500000000000001,0.9500000000000001
-20.970845142397245,-0.0003417508358360876,0.9500000000000001,0.9500000000000001
-20.770348955930668,-0.0003568729662525068,0.9500000000000001,0.9500000000000001
-20.56985276900736,-0.00036356151524490467,0.9500000000000001,0.9500000000000001
-20.36935658199269,-0.0003608727500734231,0.9500000000000001,0.9500000000000001
-20.16886039539443,-0.0003478321201349149,0.9500000000000001,0.9500000000000001
-19.968364209966154,-0.0003231525937906698,0.9500000000000001,0.9500000000000001
-19.767868026864857,-0.00028478368945247893,0.9500000000000001,0.9500000000000001
-19.56737185542416,-0.0002054848452330539,0.9500000000000001,0.9500000000000001
-19.366875679589743,-0.00013858091626029083,0.9500000000000001,0.9500000000000001
-19.166379510056053,-5.487539539273942e-05,0.9500000000000001,0.9500000000000001
-18.965883347982587,4.511926558134525e-05,0.9,0.9
-18.76538719519407,0.0001622500059238241,0.9,0.9
-18.564891053726768,0.0002973783953228737,0.9,0.9
-18.36439494211147,0.0004707001840716199,0.9,0.9
-18.163898950216357,0.0007485967303008558,0.9,0.9
-17.963403291230144,0.001205602564289911,0.9,0.9
-17.762908383085747,0.001916471880825207,0.9,0.9
-17.56241351474458,0.002637485666223675,0.9,0.9
-17.361921955634195,0.0014912771142905172,0.9,0.9
-17.161510428998305,-0.0041837897151974736,0.9486832980505139,0.9486832980505139
-16.961459915516844,-0.017381613789917864,0.9055385138137417,0.9055385138137417
-16.761710897554646,-0.03459135847673955,0.9,0.9
-16.561633915098348,-0.04768974771377753,0.9,0.9
-16.36125201915284,-0.05409942550256687,0.9500000000000001,0.9500000000000001
-16.160757833761366,-0.053507971221755296,0.9500000000000001,0.9500000000000001
-15.960274601600975,-0.05120876410179969,0.9500000000000001,0.9500000000000001
-15.759786008983909,-0.049478118547228514,0.9,0.9
-15.559291561486557,-0.04866356440182239,0.9,0.9
-15.358795468776005,-0.04851383135711977,0.9,0.9
-15.158299454072756,-0.048769066868271746,0.9,0.9
-14.957803671664099,-0.04917176527401257,0.9,0.9
-14.75730790254729,-0.049581094322833225,0.9,0.9
-14.556812067730762,-0.04995701249309081,0.9,0.9
-14.356316098342132,-0.05025132640190291,0.9500000000000001,0.9500000000000001
-14.155819999922496,-0.05043835143575545,0.9500000000000001,0.9500000000000001
-13.95532383561994,-0.05053175484030818,0.9500000000000001,0.9500000000000001
-13.754827649880868,-0.050548197403825774,0.9500000000000001,0.9500000000000001
-13.554331467997985,-0.05050431724301373,0.9500000000000001,0.9500000000000001
-13.353835300258888,-0.05041672009967243,0.9500000000000001,0.9500000000000001
-13.153339146081226,-0.050301998597288365,0.9500000000000001,0.9500000000000001
-12.95284299816356,-0.050176738882886374,0.9500000000000001,0.9500000000000001
-12.752346846596767,-0.05005749829927666,0.9500000000000001,0.9500000000000001
-12.55185068333936,-0.049959959230568896,0.9,0.9
-12.351354508836184,-0.04988900943835463,0.9,0.9
-12.150858325467105,-0.04986064751135335,0.9,0.9
-11.950362138635036,-0.04985010335643668,0.9,0.9
-11.74986595169366,-0.04984438134975676,0.9,0.9
-11.549369764850496,-0.04985265270017512,0.9,0.9
-11.3488735787331,-0.04987184595838065,0.9,0.9
-11.148377392926783,-0.04989413464080014,0.9,0.9
-10.94788120656748,-0.04991056753722237,0.9,0.9
-10.747385019681055,-0.049918394651192015,0.9,0.9
-10.546888832651414,-0.049920748940597046,0.9,0.9
-10.34639264560645,-0.049920973239273685,0.9,0.9
-10.145896458569014,-0.04992242931278527,0.9,0.9
-9.945400271607598,-0.04992825489531598,0.9,0.9
-9.744904084662238,-0.04993614177871963,0.9,0.9
-9.54440789923065,-0.049955155175930056,0.9,0.9
-9.343911718129204,-0.050004046097466434,0.9500000000000001,0.9500000000000001
-9.143415541586062,-0.05006894869444198,0.9500000000000001,0.9500000000000001
-8.942919366761302,-0.05013895478651328,0.9500000000000001,0.9500000000000001
-8.742423189384121,-0.05020113471279659,0.9500000000000001,0.9500000000000001
-8.54192700671048,-0.050242521062522603,0.9500000000000001,0.9500000000000001
-8.341430820029082,-0.050250137765197544,0.9500000000000001,0.9500000000000001
-8.140934637180122,-0.050211009708494445,0.9500000000000001,0.9500000000000001
-7.940438475033528,-0.05011229110240102,0.9500000000000001,0.9500000000000001
-7.739942354379449,-0.049949701856070165,0.9,0.9
-7.539446284489852,-0.04973295614182701,0.9,0.9
-7.338950199586196,-0.049528600748544836,0.9,0.9
-7.1384540281252375,-0.04948891650179496,0.9,0.9
-6.937958069133929,-0.04978088079683377,0.9,0.9
-6.737463210794527,-0.05050276024847168,0.9500000000000001,0.9500000000000001
-6.536968533743343,-0.05128592953208261,0.9500000000000001,0.9500000000000001
-6.336472542154372,-0.05116033432320333,0.9500000000000001,0.9500000000000001
-6.1360039775732735,-0.04784486972549931,0.9,0.9
-5.93572611395473,-0.03840260696900437,0.9,0.9
-5.7366554578713105,-0.014984485893713323,0.9055385138137417,0.9055385138137417
-5.536959250889547,0.002261937715184575,0.9,0.9
-5.336497588601402,0.0043732339693467745,0.9,0.9
-5.136014448139783,0.0022195035861616425,0.9,0.9
-4.935529758847864,0.00011030317745452089,0.9,0.9
-4.735036270023719,-0.0009075621171401895,0.9500000000000001,0.9500000000000001
-4.5345402845775835,-0.0011759215383217478,0.9500000000000001,0.9500000000000001
-4.334044156518235,-0.0010263942943911687,0.9500000000000001,0.9500000000000001
-4.13354806996317,-0.0008256581730132939,0.9500000000000001,0.9500000000000001
-3.9330519768753414,-0.0006315605892616442,0.9500000000000001,0.9500000000000001
-3.7325558758461495,-0.00044585326907416493,0.9500000000000001,0.9500000000000001
-3.5320597656120922,-0.0002703709283308803,0.9500000000000001,0.9500000000000001
-3.331563645211097,-0.00010692431015698576,0.9500000000000001,0.9500000000000001
-3.1310675140094935,4.267907958626263e-05,0.9,0.9
-2.9305713717470425,0.0001766293056183347,0.9,0.9
-2.7300752185863835,0.00029311345572772456,0.9,0.9
-2.529579055172653,0.00039036745398181923,0.9,0.9
-2.329082882802503,0.0004672443883047559,0.9,0.9
-2.1285867003985097,0.0005085422386142732,0.9,0.9
-1.9280905154520296,0.0005375850304340938,0.9,0.9
-1.7275943285225253,0.0005425475632068644,0.9,0.9
-1.527098142771763,0.0005206748413876544,0.9,0.9
-1.3266019622543177,0.0004699823321000493,0.9,0.9
-1.1261057918388986,0.00038865255206626626,0.9,0.9
-0.9256096372213314,0.00027488282493896556,0.9,0.9
-0.7251135036328104,0.00012863526701573606,0.9,0.9
-0.5246173877930773,-4.0301097069260107e-05,0.9500000000000001,0.9500000000000001
-0.3241212800361991,-0.00021861029936985654,0.9500000000000001,0.9500000000000001
-0.12362516887763858,-0.00039306828522682675,0.9500000000000001,0.9500000000000001
