-0.04497186289819083,-0.006640893069403364,0.9219544457292888,0.9219544457292888
0.15300342232490985,0.025468994976446054,0.9055385138137417,0.9055385138137417
0.3508022923945897,0.05861021102850372,0.9,0.9
0.5486704129236399,0.09120468192464204,0.912414379544733,0.912414379544733
0.747737473727407,0.11509613196461241,0.9,0.9
0.9451634025454485,0.14794443358538092,0.912414379544733,0.912414379544733
1.1453850706075128,0.15021702751270327,0.9,0.9
1.3452218476695865,0.17013470167599337,0.9,0.9
1.5431666051921196,0.2014052416442605,0.8631338250816034,0.8631338250816034
1.7436626240092845,0.1986029013244129,0.9500000000000001,0.9500000000000001
1.9441081022893631,0.19943249971106072,0.9486832980505139,0.9486832980505139
2.143585979371846,0.22173758136209812,0.9,0.9
2.3418618470777797,0.25112416050760333,0.873212459828649,0.873212459828649
2.542336492640931,0.25318880917628867,0.9,0.9
2.742736407827915,0.2538782871458882,0.9,0.9
2.9431048618989237,0.2654631963242716,0.9,0.9
3.142530954032438,0.28496268504837236,0.9013878188659974,0.9013878188659974
3.3419972162707383,0.30449260474410084,0.8860022573334675,0.8860022573334675
3.5425449440565746,0.30127323027251546,0.9,0.9
3.7430827642151288,0.2983430226591326,0.9500000000000001,0.9500000000000001
3.943643463572294,0.29895984064935194,0.9500000000000001,0.9500000000000001
4.144194554917127,0.30120728424784593,0.9,0.9
4.3447541495152535,0.3005056122666201,0.9,0.9
4.545308145786183,0.2984806623113874,0.9500000000000001,0.9500000000000001
4.745831139251198,0.30232710318878026,0.9,0.9
4.946400594657608,0.30198246001719753,0.9013878188659974,0.9013878188659974
5.146916802159218,0.2977834529458338,0.9500000000000001,0.9500000000000001
5.347478704624129,0.29743399223299605,0.9500000000000001,0.9500000000000001
5.548026957389725,0.299843634496611,0.9500000000000001,0.9500000000000001
5.748554008617527,0.30366781896887585,0.9,0.9
5.949108562690743,0.3043073095765298,0.9,0.9
6.14952661651814,0.2972867951062831,0.9500000000000001,0.9500000000000001
6.348968198532069,0.2768023343878692,0.912414379544733,0.912414379544733
6.5485701440574235,0.2569678877865862,0.9,0.9
6.748810508857494,0.24942714130012902,0.9486832980505139,0.9486832980505139
6.94615188029885,0.21437670505011072,0.9055385138137417,0.9055385138137417
7.1456567956663255,0.19464807264321754,0.9340770846134703,0.9340770846134703
7.3431364893442,0.16065938378227898,0.9013878188659974,0.9013878188659974
7.5431800839927545,0.14846320689812217,0.9486832980505139,0.9486832980505139
7.740717551790884,0.11679422373781459,0.9055385138137417,0.9055385138137417
7.940878179477942,0.10036559576291158,0.9,0.9
8.137866453104133,0.06346024712381536,0.9055385138137417,0.9055385138137417
8.336681442108341,0.03874056190322652,0.9340770846134703,0.9340770846134703
8.534830720389532,0.008275032206311336,0.9013878188659974,0.9013878188659974
8.73298525503396,-0.02195766535174607,0.9219544457292888,0.9219544457292888
8.930917288116497,-0.05422531402907975,0.9486832980505139,0.9486832980505139
9.128153357809406,-0.09058719255152789,0.9055385138137417,0.9055385138137417
9.324962953821984,-0.12920217063946965,0.912414379544733,0.912414379544733
9.5213326133453,-0.17000441890376655,0.9219544457292888,0.9219544457292888
9.718276024729018,-0.20793459932978747,0.9340770846134703,0.9340770846134703
9.914543386354774,-0.24919669317190735,0.9013878188659974,0.9013878188659974
10.110004175283008,-0.2941475060487788,0.9013878188659974,0.9013878188659974
10.30519895921874,-0.3402425173524714,0.9013878188659974,0.9013878188659974
10.500015830574725,-0.38790825568142606,0.9013878188659974,0.9013878188659974
10.693937547249991,-0.4388832970938313,0.912414379544733,0.912414379544733
10.88556508229703,-0.4980467544685261,0.9013878188659974,0.9013878188659974
11.07940629900404,-0.5495467584746492,0.9013878188659974,0.9013878188659974
11.27112088071229,-0.6083888621718988,0.9340770846134703,0.9340770846134703
11.461719755785909,-0.6708159101200566,0.9192388155425117,0.9192388155425117
11.652202664922095,-0.7335953657420387,0.9013878188659974,0.9013878188659974
11.842377991937136,-0.7972588650660721,0.9013878188659974,0.9013878188659974
12.028644732533857,-0.8716006025924236,0.9192388155425117,0.9192388155425117
12.215089546653394,-0.9455194407479476,0.894427190999916,0.894427190999916
12.400926561152401,-1.0208988677215942,0.9178779875342911,0.9178779875342911
12.585478301425736,-1.0994130089196044,0.894427190999916,0.894427190999916
12.767639944693682,-1.1832120274074547,0.9178779875342911,0.9178779875342911
12.946172022725372,-1.2746122485544036,0.9394147114027969,0.9394147114027969
13.128425761979091,-1.3582786879186246,0.9394147114027969,0.9394147114027969
13.311094659577282,-1.44096668167252,0.9178779875342911,0.9178779875342911
13.48894792597028,-1.5337624122866578,0.9394147114027969,0.9394147114027969
13.672291852038036,-1.61505281303966,0.9394147114027969,0.9394147114027969
13.857912067240523,-1.690734310843992,0.9178779875342911,0.9178779875342911
14.036907044675363,-1.7811774777644356,0.9394147114027969,0.9394147114027969
14.217809489263994,-1.8677238660624538,0.9394147114027969,0.9394147114027969
14.4013227717813,-1.9486146132708457,0.9178779875342911,0.9178779875342911
14.57974830191515,-2.040177555870791,0.9394147114027969,0.9394147114027969
14.762827315198559,-2.1220984577355084,0.9486832980505139,0.9486832980505139
14.94707246796686,-2.2013116638410106,0.9486832980505139,0.9486832980505139
15.127938222531245,-2.2880275486512383,0.9394147114027969,0.9394147114027969
15.312990220452521,-2.365163645394123,0.9486832980505139,0.9486832980505139
15.497618715607256,-2.4421687807413974,0.9486832980505139,0.9486832980505139
15.669905550662248,-2.543129115602005,0.982344135219425,0.982344135219425
15.822728826567614,-2.6720218039685277,1.051189802081432,1.051189802081432
15.949986384470229,-2.8265575276460244,1.0547511554864495,1.0547511554864495
16.04414435169016,-3.003512696518663,1.051189802081432,1.051189802081432
16.11715873231144,-3.1897078027073777,1.0770329614269007,1.0770329614269007
16.16889669811834,-3.3834738011557497,1.0688779163215976,1.0688779163215976
16.192944603057196,-3.5823562949007624,1.019803902718557,1.019803902718557
16.206282143178004,-3.7822913459663914,1.0,1.0
16.19810531353148,-3.9821193107798063,0.95524865872714,0.95524865872714
16.21286359819169,-4.181205896476871,0.982344135219425,0.982344135219425
16.224699157507015,-4.381409665511791,0.9513148795220223,0.9513148795220223
16.219700278240346,-4.581821071967754,0.9500000000000001,0.9500000000000001
16.232392243876557,-4.782074716846421,0.912414379544733,0.912414379544733
16.249233300984027,-4.9819145989654885,0.9,0.9
16.25492975675492,-5.182303987961954,0.9500000000000001,0.9500000000000001
16.272556938352807,-5.382243307708729,0.912414379544733,0.912414379544733
16.276360989600676,-5.582650387575293,0.9,0.9
16.28208371278294,-5.783080157667302,0.9,0.9
16.300813797690825,-5.9826409241907665,0.9055385138137417,0.9055385138137417
16.325730101242993,-6.181821178807337,0.9055385138137417,0.9055385138137417
16.32860096790735,-6.382070359816992,0.9,0.9
16.35214002396083,-6.580635605583298,0.912414379544733,0.912414379544733
16.364061417874474,-6.780596660669978,0.9219544457292888,0.9219544457292888
16.39327999245991,-6.978929591663736,0.9,0.9
16.414332310786982,-7.178419799654773,0.9219544457292888,0.9219544457292888
16.44766873257333,-7.37620535832379,0.9,0.9
16.480617394172437,-7.574031836050383,0.9055385138137417,0.9055385138137417
16.503041488205625,-7.773220373921251,0.9340770846134703,0.9340770846134703
16.538433565573506,-7.970629557229218,0.9013878188659974,0.9013878188659974
16.56717632358574,-8.169080656745278,0.912414379544733,0.912414379544733
16.59532433640914,-8.367649277679797,0.9,0.9
16.626704344221057,-8.565717122435585,0.9055385138137417,0.9055385138137417
16.660692463246836,-8.763094428388941,0.9219544457292888,0.9219544457292888
16.69099622710062,-8.9611412597484,0.9,0.9
16.71786468669977,-9.159982983252096,0.912414379544733,0.912414379544733
16.7491645359974,-9.357891033886567,0.9,0.9
16.774119295065717,-9.556866687995997,0.9055385138137417,0.9055385138137417
16.81094252350904,-9.753971703105655,0.9219544457292888,0.9219544457292888
16.843395749718518,-9.951790925169584,0.9,0.9
16.865888419983882,-10.151182803827597,0.912414379544733,0.912414379544733
16.902755888562584,-10.348304707970165,0.9219544457292888,0.9219544457292888
16.926340824343157,-10.547364077637644,0.9055385138137417,0.9055385138137417
16.958130357147077,-10.745403526448227,0.9340770846134703,0.9340770846134703
16.992155752360663,-10.943040366538197,0.9013878188659974,0.9013878188659974
17.01810647011096,-11.141786874310684,0.912414379544733,0.912414379544733
17.04941304898734,-11.3398156003983,0.9,0.9
17.081785213715225,-11.537720948919674,0.9055385138137417,0.9055385138137417
17.10778355427474,-11.736587750899504,0.9340770846134703,0.9340770846134703
17.137556172676074,-11.934899606332399,0.9013878188659974,0.9013878188659974
17.1739618320461,-12.132097081651741,0.912414379544733,0.912414379544733
17.201450573994123,-12.330751263434298,0.9340770846134703,0.9340770846134703
17.22894468042746,-12.529421443430419,0.9055385138137417,0.9055385138137417
17.263532873447193,-12.726975304357367,0.9219544457292888,0.9219544457292888
17.294199193082672,-12.92496977629754,0.9,0.9
17.31865453052288,-13.123978321405948,0.912414379544733,0.912414379544733
17.356923487390482,-13.320882656748493,0.9340770846134703,0.9340770846134703
17.383897566044457,-13.519423625343592,0.9013878188659974,0.9013878188659974
17.40920769685309,-13.718413745956784,0.9219544457292888,0.9219544457292888
17.446760768509407,-13.915420357406687,0.9,0.9
17.471129503789022,-14.114431304439918,0.9055385138137417,0.9055385138137417
17.50416638690603,-14.312181107640516,0.9340770846134703,0.9340770846134703
17.533985051423937,-14.510483257062937,0.9013878188659974,0.9013878188659974
17.560635668353626,-14.709136026228297,0.9219544457292888,0.9219544457292888
17.592242091303472,-14.907026515148681,0.9,0.9
17.62687444297684,-15.104472308236696,0.9055385138137417,0.9055385138137417
17.65680624172684,-15.30278065643241,0.9340770846134703,0.9340770846134703
17.682477094578125,-15.501711426104732,0.9013878188659974,0.9013878188659974
17.71622503008008,-15.699332701545826,0.9219544457292888,0.9219544457292888
17.741555065666397,-15.898232723922716,0.9,0.9
17.77370480277764,-16.096198233616622,0.912414379544733,0.912414379544733
17.809901003419466,-16.293480936154673,0.9340770846134703,0.9340770846134703
17.83234889366856,-16.492748320792895,0.9013878188659974,0.9013878188659974
17.866916337492505,-16.69028691968509,0.9219544457292888,0.9219544457292888
17.895415132828944,-16.88874093820553,0.9,0.9
17.922491132784558,-17.087456184246918,0.912414379544733,0.912414379544733
17.956695503978054,-17.2850759261994,0.9340770846134703,0.9340770846134703
17.989099755151596,-17.48297966362107,0.9013878188659974,0.9013878188659974
18.013152793756362,-17.682056900802838,0.9219544457292888,0.9219544457292888
18.048451892325406,-17.879514237699645,0.9,0.9
18.07602233056361,-18.078174373324618,0.9055385138137417,0.9055385138137417
18.104879864142376,-18.276649756928787,0.9340770846134703,0.9340770846134703
18.13882575016238,-18.474306287805952,0.9013878188659974,0.9013878188659974
18.1774727698251,-18.67102782283188,0.912414379544733,0.912414379544733
18.22918686688732,-18.864903370190063,0.9013878188659974,0.9013878188659974
18.293673662899515,-19.054805384635863,0.8860022573334675,0.8860022573334675
18.356151389808865,-19.245380534948296,0.9192388155425117,0.9192388155425117
18.420508398140136,-19.435323843694384,0.9192388155425117,0.9192388155425117
18.494574017323256,-19.621705085020395,0.894427190999916,0.894427190999916
18.574866041249866,-19.805496237599126,0.9178779875342911,0.9178779875342911
18.65295982464086,-19.990229889353213,0.9178779875342911,0.9178779875342911
18.734479321024946,-20.17347824708089,0.9178779875342911,0.9178779875342911
18.819962939022595,-20.35490418574694,0.9178779875342911,0.9178779875342911
18.906005867124797,-20.536070238868497,0.9178779875342911,0.9178779875342911
18.99559972200332,-20.715487419220548,0.894427190999916,0.894427190999916
19.080756049645323,-20.896959943199512,0.9192388155425117,0.9192388155425117
19.146348276251327,-21.086463425324187,0.9013878188659974,0.9013878188659974
19.208577593720594,-21.277128189375123,0.9340770846134703,0.9340770846134703
19.27251568782967,-21.467227557920907,0.9192388155425117,0.9192388155425117
19.33541873762006,-21.657667539561164,0.9013878188659974,0.9013878188659974
19.390381582200753,-21.850530480540986,0.9013878188659974,0.9013878188659974
19.439664281725115,-22.044944351416504,0.9013878188659974,0.9013878188659974
19.48802422848708,-22.239574182474378,0.9055385138137417,0.9055385138137417
19.52862254502473,-22.43598041395668,0.912414379544733,0.912414379544733
19.564351577925898,-22.633325056693522,0.9219544457292888,0.9219544457292888
19.597306327364876,-22.831129498405865,0.9,0.9
19.6299377717786,-23.029012306272723,0.9055385138137417,0.9055385138137417
19.662486663856725,-23.22691219258905,0.9219544457292888,0.9219544457292888
19.696467866256974,-23.424570410879294,0.9,0.9
19.728782110161845,-23.62251340305695,0.9055385138137417,0.9055385138137417
19.770087366487402,-23.818773233086556,0.912414379544733,0.912414379544733
19.80201094786442,-24.016764164765846,0.9340770846134703,0.9340770846134703
19.836626364430202,-24.214315048447478,0.9013878188659974,0.9013878188659974
19.868418015723385,-24.412336812044618,0.912414379544733,0.912414379544733
19.905796488360664,-24.60938139188232,0.9219544457292888,0.9219544457292888
19.943653306635785,-24.806305025433158,0.9,0.9
19.975935921696298,-25.004247748822518,0.9055385138137417,0.9055385138137417
20.0089430238463,-25.20207386777283,0.9219544457292888,0.9219544457292888
20.044653011662806,-25.399397411820797,0.9013878188659974,0.9013878188659974
20.08288832524674,-25.596268721082723,0.9055385138137417,0.9055385138137417
20.116056295046295,-25.79407086174029,0.9219544457292888,0.9219544457292888
20.148104046838505,-25.992057819473608,0.9,0.9
20.183786220074904,-26.18938488858982,0.9055385138137417,0.9055385138137417
20.22349541251921,-26.38598519715114,0.912414379544733,0.912414379544733
20.25432194183475,-26.584140210058372,0.9340770846134703,0.9340770846134703
20.290394169871583,-26.781430635641545,0.9013878188659974,0.9013878188659974
20.320623306347624,-26.979694723116246,0.912414379544733,0.912414379544733
20.355724248756445,-27.177156403238932,0.9340770846134703,0.9340770846134703
20.388979336217574,-27.37491565326921,0.9013878188659974,0.9013878188659974
20.42923556229971,-27.5713862324645,0.9055385138137417,0.9055385138137417
20.461098323673834,-27.769399708453864,0.9219544457292888,0.9219544457292888
20.49612034656917,-27.96687870998864,0.9,0.9
20.53381878038308,-28.163855629927998,0.9055385138137417,0.9055385138137417
20.573988601438103,-28.36046243639397,0.9340770846134703,0.9340770846134703
20.63417430686942,-28.55214028004505,0.9178779875342911,0.9178779875342911
20.71343098583271,-28.736355643246178,0.9394147114027969,0.9394147114027969
20.810952144137946,-28.911609191898133,0.9300537618869138,0.9300537618869138
20.92222397501998,-29.078450689182407,0.9300537618869138,0.9300537618869138
21.038552447755645,-29.24183052146078,0.9300537618869138,0.9300537618869138
21.158509017251543,-29.402566455068026,0.9219544457292888,0.9219544457292888
21.288631555324244,-29.5551611114054,0.9178779875342911,0.9178779875342911
21.42529505605361,-29.70194794022959,0.9192388155425117,0.9192388155425117
21.568076988498184,-29.842787299453462,0.9192388155425117,0.9192388155425117
21.71416613426726,-29.980204730455014,0.9192388155425117,0.9192388155425117
21.861016899816146,-30.116801736416978,0.9433981132056604,0.9433981132056604
22.00691036940112,-30.254422496454854,0.95524865872714,0.95524865872714
22.150519985678212,-30.394429353045872,0.9192388155425117,0.9192388155425117
22.298213950350544,-30.5301006482294,0.95524865872714,0.95524865872714
22.453367029638812,-30.657200115477238,0.95524865872714,0.95524865872714
22.61688327015547,-30.77330607068817,0.9300537618869138,0.9300537618869138
22.785285139544083,-30.882181137337128,0.9394147114027969,0.9394147114027969
22.9620981808205,-30.976625888917734,0.9394147114027969,0.9394147114027969
23.14120841795715,-31.067976620953047,0.9656603957913984,0.9656603957913984
23.32754917468544,-31.140396966956416,0.9486832980505139,0.9486832980505139
23.52379845522188,-31.181692129030065,0.95524865872714,0.95524865872714
23.721898660920104,-31.21335662687552,0.97082439194738,0.97082439194738
23.92023638338152,-31.242052273142267,0.9500000000000001,0.9500000000000001
24.1208950143186,-31.22621393635128,0.95524865872714,0.95524865872714
24.317075238811423,-31.179740523842703,0.9486832980505139,0.9486832980505139
24.508201230796878,-31.11936775565562,0.9219544457292888,0.9219544457292888
24.70015362366538,-31.0616216875385,0.9340770846134703,0.9340770846134703
24.885119438035606,-30.98444451333689,0.894427190999916,0.894427190999916
25.059591538666687,-30.885473127170027,0.9013878188659974,0.9013878188659974
25.226705084138928,-30.77458779881827,0.9013878188659974,0.9013878188659974
25.39321046899749,-30.66277934133783,0.9013878188659974,0.9013878188659974
25.559344086573,-30.550421074526998,0.9300537618869138,0.9300537618869138
25.7242650170024,-30.436284899492318,0.890224690738243,0.890224690738243
25.889560603772935,-30.32269457391539,0.890224690738243,0.890224690738243
26.056291458445138,-30.21122095760444,0.9178779875342911,0.9178779875342911
26.223869937214438,-30.10102408430223,0.9178779875342911,0.9178779875342911
26.390915359776464,-29.990021800608982,0.8746427842267951,0.8746427842267951
26.55762297325389,-29.878512306451096,0.9013878188659974,0.9013878188659974
26.723999184165702,-29.766509090973194,0.9013878188659974,0.9013878188659974
26.889813502712844,-29.653675882466448,0.9013878188659974,0.9013878188659974
27.05520733285491,-29.540227296790565,0.9013878188659974,0.9013878188659974
27.22072123940706,-29.42695383514161,0.9013878188659974,0.9013878188659974
27.387318363410078,-29.315281444813223,0.9013878188659974,0.9013878188659974
27.55526907520874,-29.205654059816982,0.9300537618869138,0.9300537618869138
27.721720226348083,-29.09378330546945,0.890224690738243,0.890224690738243
27.885072489003832,-28.977411352799752,0.890224690738243,0.890224690738243
28.05007160853248,-28.863418900868446,0.9178779875342911,0.9178779875342911
28.22286279172363,-28.761815303854995,0.9178779875342911,0.9178779875342911
28.406253600776694,-28.680746507946054,0.9013878188659974,0.9013878188659974
28.594010894449298,-28.610264896234458,0.9178779875342911,0.9178779875342911
28.78457934778878,-28.54783521902294,0.8860022573334675,0.8860022573334675
28.97815407777004,-28.494879814166406,0.8860022573334675,0.8860022573334675
29.176831677285527,-28.470442091898658,0.9055385138137417,0.9055385138137417
29.37559764451339,-28.447418397255724,0.9,0.9
29.576093911205007,-28.44682602929955,0.9,0.9
29.776543429031435,-28.450272941119,0.9500000000000001,0.9500000000000001
29.972991976120404,-28.4893087924081,0.912414379544733,0.912414379544733
30.156611455438767,-28.567949606665973,0.9219544457292888,0.9219544457292888
30.321953245594106,-28.68144033391878,0.9178779875342911,0.9178779875342911
30.48526535405357,-28.797863515122092,0.9178779875342911,0.9178779875342911
30.64951748434018,-28.91295878373183,0.9178779875342911,0.9178779875342911
30.81250483400002,-29.02983749716787,0.9178779875342911,0.9178779875342911
30.97515328077582,-29.147188655636814,0.9178779875342911,0.9178779875342911
31.138433497811477,-29.263658284847345,0.9219544457292888,0.9219544457292888
31.302418346602686,-29.379134390247657,0.9178779875342911,0.9178779875342911
31.466517168104925,-29.494448641373694,0.9013878188659974,0.9013878188659974
31.63023153764787,-29.610307833120142,0.9219544457292888,0.9219544457292888
31.793312396185136,-29.727057070788504,0.9300537618869138,0.9300537618869138
31.95619113085393,-29.84408816425089,0.9013878188659974,0.9013878188659974
32.11957746798213,-29.96040983647405,0.9300537618869138,0.9300537618869138
32.28287419962986,-30.076857123256016,0.9300537618869138,0.9300537618869138
32.445975859623616,-30.193577547612854,0.9219544457292888,0.9219544457292888
32.60913816864738,-30.31021315675694,0.9300537618869138,0.9300537618869138
32.77242884097743,-30.426669002240963,0.9219544457292888,0.9219544457292888
32.935638491501464,-30.54323836368508,0.9178779875342911,0.9178779875342911
33.098782798301436,-30.659899172676504,0.9178779875342911,0.9178779875342911
33.261986042152635,-30.77647750901799,0.9178779875342911,0.9178779875342911
33.42523767372496,-30.892988083349866,0.9178779875342911,0.9178779875342911
33.58844994253733,-31.009553787802766,0.9178779875342911,0.9178779875342911
33.751605917869895,-31.126198276286473,0.9178779875342911,0.9178779875342911
33.91481656082297,-31.242766256785973,0.9013878188659974,0.9013878188659974
34.07806213674753,-31.359285315619697,0.9219544457292888,0.9219544457292888
34.24127349792588,-31.475852291846127,0.9300537618869138,0.9300537618869138
34.40444272423985,-31.592478243799025,0.9013878188659974,0.9013878188659974
34.5676193822414,-31.709093797144764,0.9300537618869138,0.9300537618869138
34.730808529865854,-31.825691872772104,0.9300537618869138,0.9300537618869138
34.89403044680936,-31.942244035987386,0.9219544457292888,0.9219544457292888
35.05769984723739,-32.058166589889375,0.9300537618869138,0.9300537618869138
35.221915231177626,-32.17331480236271,0.9300537618869138,0.9300537618869138
35.38577140009976,-32.288972927010974,0.9219544457292888,0.9219544457292888
35.54865038581167,-32.40600344043529,0.9178779875342911,0.9178779875342911
35.71147854504011,-32.523104833098884,0.9219544457292888,0.9219544457292888
35.874949690899804,-32.63930687212,0.9178779875342911,0.9178779875342911
36.03892817187472,-32.754792126049,0.9178779875342911,0.9178779875342911
36.20301395481824,-32.87012494432008,0.9178779875342911,0.9178779875342911
36.36660561361407,-32.98615703154769,0.9178779875342911,0.9178779875342911
36.5294874035921,-33.1031839544772,0.9178779875342911,0.9178779875342911
36.69240141687548,-33.22016616568663,0.9219544457292888,0.9219544457292888
36.85600866775326,-33.33617655650967,0.9013878188659974,0.9013878188659974
37.019395224509225,-33.452497210892375,0.9219544457292888,0.9219544457292888
37.182004764282375,-33.56990219073329,0.9300537618869138,0.9300537618869138
37.34518336050781,-33.68651330555767,0.9300537618869138,0.9300537618869138
37.509505710757885,-33.80150861268577,0.9300537618869138,0.9300537618869138
37.67191167834006,-33.91918199100701,0.9300537618869138,0.9300537618869138
37.82666994315743,-34.04669399856913,0.9192388155425117,0.9192388155425117
37.97507368001564,-34.18158844823413,0.9192388155425117,0.9192388155425117
38.121739864022935,-34.31829190057529,0.9433981132056604,0.9433981132056604
38.257303236633746,-34.465891820309054,0.95524865872714,0.95524865872714
38.37517685834733,-34.62727047485349,0.9899494936611666,0.9899494936611666
38.4671769480091,-34.8053161117563,1.0307764064044151,1.0307764064044151
38.524023450702025,-34.99736877997583,1.0735455276791945,1.0735455276791945
38.55528409311109,-35.19431189646816,1.0793516572461452,1.0793516572461452
38.536611281274325,-35.39376080358905,1.1280514172678477,1.1280514172678477
38.47513844885613,-35.58389999406334,1.1423659658795864,1.1423659658795864
38.36683068278794,-35.752265134126795,1.1067971810589328,1.1067971810589328
38.22097719490549,-35.888303559674334,1.044030650891055,1.044030650891055
38.039892974707975,-35.97314507461058,0.9962429422585638,0.9962429422585638
37.850140430333674,-36.03568473273503,0.97082439194738,0.97082439194738
37.65917220394306,-36.09651174476435,0.9192388155425117,0.9192388155425117
37.46735092240948,-36.154790639903226,0.9486832980505139,0.9486832980505139
37.272542316463976,-36.201801117829355,0.9340770846134703,0.9340770846134703
37.076632257984315,-36.24483793161833,0.9013878188659974,0.9013878188659974
36.87832262615219,-36.27468823118442,0.9055385138137417,0.9055385138137417
36.67942892147044,-36.2984835734728,0.9,0.9
36.47991433041529,-36.317581386185516,0.912414379544733,0.912414379544733
36.281082119942845,-36.342446735990144,0.9,0.9
36.0815809332451,-36.352866417691864,0.9500000000000001,0.9500000000000001
35.88106864589758,-36.3510631066754,0.9486832980505139,0.9486832980505139
35.681142766352615,-36.36926561994777,0.9055385138137417,0.9055385138137417
35.4831902830439,-36.40079510454499,0.9340770846134703,0.9340770846134703
35.28275486215673,-36.40230676208147,0.9500000000000001,0.9500000000000001
35.08241340159759,-36.41345738707996,0.912414379544733,0.912414379544733
34.884603995405485,-36.44380747826483,0.9,0.9
34.68440298349368,-36.45472096349202,0.9486832980505139,0.9486832980505139
34.485496876118006,-36.48072343966706,0.9055385138137417,0.9055385138137417
34.28845400269157,-36.51774762030412,0.9340770846134703,0.9340770846134703
34.090879015924585,-36.552121660676455,0.9486832980505139,0.9486832980505139
33.89450605310198,-36.59293668594348,0.9013878188659974,0.9013878188659974
33.7006498823927,-36.64438675659819,0.912414379544733,0.912414379544733
33.51079643131229,-36.70891376498824,0.9394147114027969,0.9394147114027969
33.32493142433992,-36.7843398283961,0.9178779875342911,0.9178779875342911
33.145357073657,-36.87319571985936,0.9013878188659974,0.9013878188659974
32.97680105017745,-36.982375860247565,0.9013878188659974,0.9013878188659974
32.825376636669596,-37.11297888001801,0.9219544457292888,0.9219544457292888
32.69418887614047,-37.2660279178582,0.9013878188659974,0.9013878188659974
32.57411874848949,-37.42754687517706,0.894427190999916,0.894427190999916
32.47476321503511,-37.60197622680988,0.9013878188659974,0.9013878188659974
32.40334925061808,-37.789159234074546,0.9178779875342911,0.9178779875342911
32.366141743600956,-37.987906141765436,0.9340770846134703,0.9340770846134703
32.36105210267915,-38.19431574401009,0.9500000000000001,0.9500000000000001
32.38860504072112,-38.40003113172538,0.9486832980505139,0.9486832980505139
32.4494637710329,-38.59654494294222,0.9433981132056604,0.9433981132056604
32.5442915056928,-38.775349816968685,0.9219544457292888,0.9219544457292888
32.67077217726883,-38.93103763680273,0.95524865872714,0.95524865872714
32.81830534472163,-39.06685941221772,0.9433981132056604,0.9433981132056604
32.987519667716285,-39.17507555652949,0.9433981132056604,0.9433981132056604
33.172603699972925,-39.256431044841705,0.9394147114027969,0.9394147114027969
33.36529536413467,-39.31458198060691,0.9219544457292888,0.9219544457292888
33.56325296145374,-39.346454150068105,0.9,0.9
33.763753030776705,-39.35132385213983,0.9500000000000001,0.9500000000000001
33.9643028731339,-39.34948163885752,0.9,0.9
34.16482766812389,-39.349670779600466,0.9,0.9
34.36442986530283,-39.330062123119205,0.9013878188659974,0.9013878188659974
34.56482849039702,-39.32124622838664,0.9340770846134703,0.9340770846134703
34.76368729786259,-39.29704813083952,0.9055385138137417,0.9055385138137417
34.96190043102961,-39.26625047997809,0.9486832980505139,0.9486832980505139
35.15743381855917,-39.223062983132856,0.9340770846134703,0.9340770846134703
35.355725627621105,-39.19862494711369,0.9340770846134703,0.9340770846134703
35.5561357968795,-39.19435146782955,0.9500000000000001,0.9500000000000001
35.75516265756944,-39.21808703790322,0.9962429422585638,0.9962429422585638
35.94425698330936,-39.28389989123666,0.9962429422585638,0.9962429422585638
36.10954141626547,-39.39684545104497,0.95524865872714,0.95524865872714
36.25784362400931,-39.53131747942333,0.95524865872714,0.95524865872714
36.37711719834055,-39.69232002720337,0.9604686356149273,0.9604686356149273
36.476316990622834,-39.86622250502648,0.9394147114027969,0.9394147114027969
36.55000033679634,-40.052667920524954,0.9219544457292888,0.9219544457292888
36.59267583227577,-40.248452643354064,0.8860022573334675,0.8860022573334675
36.635597051746636,-40.44437736265703,0.8860022573334675,0.8860022573334675
36.67235294902404,-40.64154486347294,0.8860022573334675,0.8860022573334675
36.71369656016506,-40.83778353520355,0.9013878188659974,0.9013878188659974
36.74926461422681,-41.035166302297164,0.8558621384311845,0.8558621384311845
36.78511910370624,-41.23249060778001,0.8631338250816034,0.8631338250816034
36.818583506586236,-41.43022825423198,0.8860022573334675,0.8860022573334675
36.848734740980824,-41.62846603089572,0.8514693182963202,0.8514693182963202
36.87829298702054,-41.82682446862298,0.9,0.9
36.90309062482583,-42.02574134954516,0.9055385138137417,0.9055385138137417
36.92953622165278,-42.223451708620594,0.9486832980505139,0.9486832980505139
36.89730083943303,-42.4212589037795,0.9486832980505139,0.9486832980505139
36.831181912485846,-42.61026734180264,0.9861541461658011,0.9861541461658011
36.72159040657004,-42.777839153619254,0.9924716620639604,0.9924716620639604
36.57427313405574,-42.91307173027359,0.9924716620639604,0.9924716620639604
36.40216818777426,-43.01556832225097,0.9861541461658011,0.9861541461658011
36.212704453112536,-43.07992303909515,0.9394147114027969,0.9394147114027969
36.016132639882805,-43.116276768723154,0.9219544457292888,0.9219544457292888
35.8162237215081,-43.13004244047792,0.9,0.9
35.6163141784743,-43.11751787271267,0.9,0.9
35.41676346199028,-43.10078875823269,0.9,0.9
35.21618293687111,-43.10200584689666,0.8631338250816034,0.8631338250816034
35.01756967565518,-43.07532232331957,0.8500000000000001,0.8500000000000001
34.81722553871437,-43.06551877995865,0.873212459828649,0.873212459828649
34.62077185118733,-43.02554893415535,0.8514693182963202,0.8514693182963202
34.421254697468655,-43.013118518294796,0.8860022573334675,0.8860022573334675
34.22307425434109,-42.98017495683905,0.8631338250816034,0.8631338250816034
34.02492205989236,-42.94969443450071,0.8514693182963202,0.8514693182963202
33.82518899037643,-42.931549464303764,0.8860022573334675,0.8860022573334675
33.628741050652486,-42.89137014575555,0.873212459828649,0.873212459828649
33.429278854786844,-42.87090885959448,0.912414379544733,0.912414379544733
33.232535126234694,-42.8321671761746,0.9055385138137417,0.9055385138137417
33.03504678898272,-42.79714848875711,0.9013878188659974,0.9013878188659974
32.83856640423655,-42.75690801008288,0.9340770846134703,0.9340770846134703
32.641346248130255,-42.720523947168395,0.9219544457292888,0.9219544457292888
32.444357258362146,-42.68289126640154,0.912414379544733,0.912414379544733
32.24823070053953,-42.64093778808622,0.9055385138137417,0.9055385138137417
32.052032044599365,-42.59932350931966,0.8860022573334675,0.8860022573334675
31.857197167027767,-42.55185345335184,0.9340770846134703,0.9340770846134703
31.661544676004816,-42.50787968749879,0.9340770846134703,0.9340770846134703
31.466751617425697,-42.460191204622745,0.9340770846134703,0.9340770846134703
31.272046662986735,-42.41207423570144,0.9340770846134703,0.9340770846134703
31.077403184194377,-42.36370742700274,0.9340770846134703,0.9340770846134703
30.88326897007592,-42.31338857035951,0.9340770846134703,0.9340770846134703
30.69041713459023,-42.25831161916719,0.9340770846134703,0.9340770846134703
30.497511637277817,-42.20343223261447,0.9340770846134703,0.9340770846134703
30.305180941926004,-42.14657939291538,0.9013878188659974,0.9013878188659974
30.1115562046756,-42.09429207159908,0.9013878188659974,0.9013878188659974
29.91942416779694,-42.036764356354524,0.912414379544733,0.912414379544733
29.726122767155726,-41.98343109272924,0.9192388155425117,0.9192388155425117
29.535797849066647,-41.920155413344204,0.9340770846134703,0.9340770846134703
29.34536162025825,-41.85722749473081,0.9340770846134703,0.9340770846134703
29.155190485166628,-41.79350384422602,0.9013878188659974,0.9013878188659974
28.96512811775106,-41.72945617796291,0.9192388155425117,0.9192388155425117
28.774618806842035,-41.66675248179884,0.9340770846134703,0.9340770846134703
28.58409901499192,-41.60408351872474,0.9340770846134703,0.9340770846134703
28.394952689530463,-41.537407142958024,0.9192388155425117,0.9192388155425117
28.208127775584167,-41.46445780970992,0.9340770846134703,0.9340770846134703
28.019910244348548,-41.39518740231114,0.9013878188659974,0.9013878188659974
27.832178531449784,-41.32465656277155,0.9340770846134703,0.9340770846134703
27.64662362173318,-41.24853258062505,0.9178779875342911,0.9178779875342911
27.460415193335557,-41.17402016488965,0.9192388155425117,0.9192388155425117
27.274335339539213,-41.09918751192351,0.9013878188659974,0.9013878188659974
27.08727009426776,-41.026861825790846,0.9340770846134703,0.9340770846134703
26.903111949374953,-40.94756945629955,0.894427190999916,0.894427190999916
26.720449281276018,-40.864788395439504,0.9394147114027969,0.9394147114027969
26.536863900466752,-40.78403073217356,0.9192388155425117,0.9192388155425117
26.354089795477176,-40.7014570308322,0.9394147114027969,0.9394147114027969
26.173803530356377,-40.61359472304755,0.9394147114027969,0.9394147114027969
25.99474024630451,-40.52325419028685,0.9394147114027969,0.9394147114027969
25.81613224724952,-40.43201323508681,0.9178779875342911,0.9178779875342911
25.636671599166792,-40.34246134040591,0.9178779875342911,0.9178779875342911
25.456429747347258,-40.25449221179628,0.9394147114027969,0.9394147114027969
25.2768620840165,-40.165163735640284,0.9394147114027969,0.9394147114027969
25.099903466693945,-40.070779407225764,0.9300537618869138,0.9300537618869138
24.925065483792196,-39.97250908089005,0.9300537618869138,0.9300537618869138
24.750979069845076,-39.87291573435781,0.9178779875342911,0.9178779875342911
24.577710359625335,-39.77190286201011,0.9300537618869138,0.9300537618869138
24.40543344680767,-39.66920919142319,0.9178779875342911,0.9178779875342911
24.23362459416888,-39.56573219809226,0.9300537618869138,0.9300537618869138
24.06335552293404,-39.45975982303741,0.9300537618869138,0.9300537618869138
23.895396539410555,-39.35015814107218,0.9013878188659974,0.9013878188659974
23.72914239893894,-39.23807529403141,0.9219544457292888,0.9219544457292888
23.573449172296506,-39.11169844147939,0.9433981132056604,0.9433981132056604
23.425449427772254,-38.97633349591409,0.95524865872714,0.95524865872714
23.280690434960395,-38.83751966759042,0.95524865872714,0.95524865872714
23.139440084390532,-38.69514373414186,0.95524865872714,0.95524865872714
23.003361521913778,-38.54784328479174,0.9192388155425117,0.9192388155425117
22.868742055989188,-38.39917004772362,0.9192388155425117,0.9192388155425117
22.733089246373893,-38.2514414599843,0.9192388155425117,0.9192388155425117
22.596406110472795,-38.10466433625486,0.9192388155425117,0.9192388155425117
22.460194937760413,-37.957450023333486,0.95524865872714,0.95524865872714
22.324907640789068,-37.80938632329554,0.9433981132056604,0.9433981132056604
22.19141909438158,-37.65969878529803,0.9192388155425117,0.9192388155425117
22.058523123341743,-37.50948404351734,0.95524865872714,0.95524865872714
21.926081919150782,-37.35886843925562,0.9433981132056604,0.9433981132056604
21.795118660682892,-37.20696756378489,0.9192388155425117,0.9192388155425117
21.66588861536175,-37.053588027138545,0.9433981132056604,0.9433981132056604
21.53695468199853,-36.89995910302409,0.95524865872714,0.95524865872714
21.40844599305134,-36.74597476168931,0.9219544457292888,0.9219544457292888
21.281766224880847,-36.590483707196114,0.95524865872714,0.95524865872714
21.15664391255224,-36.43373497579699,0.9300537618869138,0.9300537618869138
21.03151890078773,-36.27698830870566,0.9433981132056604,0.9433981132056604
20.906582998394594,-36.120091185480355,0.9433981132056604,0.9433981132056604
20.783605625710276,-35.961656192945405,0.9300537618869138,0.9300537618869138
20.6626181076432,-35.80169470745776,0.9433981132056604,0.9433981132056604
20.541381757225672,-35.64192147719163,0.9433981132056604,0.9433981132056604
20.422041492932156,-35.48072704802118,0.9433981132056604,0.9433981132056604
20.30414881786465,-35.318476242320045,0.9433981132056604,0.9433981132056604
20.186028110631934,-35.1563865294753,0.9219544457292888,0.9219544457292888
20.070289474783035,-34.9925911843483,0.9433981132056604,0.9433981132056604
19.958334143467045,-34.826184948394726,0.9433981132056604,0.9433981132056604
19.8476018785547,-34.65896012147609,0.9178779875342911,0.9178779875342911
19.7363013654274,-34.49211296947771,0.9433981132056604,0.9433981132056604
19.626785927658858,-34.32409136369959,0.9394147114027969,0.9394147114027969
19.518169156978946,-34.1554865172337,0.9300537618869138,0.9300537618869138
19.409798023282573,-33.986722559878096,0.9300537618869138,0.9300537618869138
19.302178681641873,-33.817485800820236,0.9394147114027969,0.9394147114027969
19.203682959277067,-33.642800631124835,0.9178779875342911,0.9178779875342911
19.10393901165371,-33.468840479839216,0.9394147114027969,0.9394147114027969
19.00257483406647,-33.2958221817193,0.9178779875342911,0.9178779875342911
18.910543872268455,-33.117610871268624,0.9394147114027969,0.9394147114027969
18.81305529146885,-32.942350128814155,0.9394147114027969,0.9394147114027969
18.720867838548294,-32.76426492263643,0.9340770846134703,0.9340770846134703
18.635866089294517,-32.58260628696704,0.9178779875342911,0.9178779875342911
18.55179521923541,-32.400525312902566,0.9394147114027969,0.9394147114027969
18.460651384076453,-32.22186686704154,0.9394147114027969,0.9394147114027969
18.374490127213594,-32.040791731753345,0.9192388155425117,0.9192388155425117
18.300658682799593,-31.854314202639994,0.9340770846134703,0.9340770846134703
18.226818583510084,-31.66786755155907,0.9178779875342911,0.9178779875342911
18.157449127795697,-31.479709918041817,0.9340770846134703,0.9340770846134703
18.076774214199673,-31.296062991613585,0.9192388155425117,0.9192388155425117
17.999606688604402,-31.110978926599987,0.8860022573334675,0.8860022573334675
17.930764510698296,-30.922598544057333,0.9013878188659974,0.9013878188659974
17.862015067349645,-30.73420544770487,0.9340770846134703,0.9340770846134703
17.797352355387734,-30.544354293144888,0.9013878188659974,0.9013878188659974
17.734442496786528,-30.35391900695375,0.9013878188659974,0.9013878188659974
17.677841708891403,-30.16150908134121,0.9013878188659974,0.9013878188659974
17.623294583926967,-29.968530186810217,0.912414379544733,0.912414379544733
17.568064994073612,-29.775734616516406,0.9192388155425117,0.9192388155425117
17.513097426781524,-29.58287691631301,0.9219544457292888,0.9219544457292888
17.466101602145315,-29.387897243690336,0.9219544457292888,0.9219544457292888
17.417203361475288,-29.1933877098245,0.9219544457292888,0.9219544457292888
17.3676073748482,-28.999053876305716,0.9219544457292888,0.9219544457292888
17.32432471492694,-28.803229837996472,0.9055385138137417,0.9055385138137417
17.28752478493146,-28.606065609341563,0.9013878188659974,0.9013878188659974
17.24460683370419,-28.410175398724295,0.8860022573334675,0.8860022573334675
17.199087608115857,-28.21485028071574,0.8860022573334675,0.8860022573334675
17.158723864877633,-28.018397635577784,0.9219544457292888,0.9219544457292888
17.124907280207488,-27.820702796887844,0.912414379544733,0.912414379544733
17.086471253586275,-27.623855778501127,0.9013878188659974,0.9013878188659974
17.0525560687581,-27.42619126505648,0.9340770846134703,0.9340770846134703
17.022382167267683,-27.227906012993408,0.912414379544733,0.912414379544733
16.987482329186776,-27.0304456892023,0.9013878188659974,0.9013878188659974
16.956232850287826,-26.832374672759165,0.9340770846134703,0.9340770846134703
16.921768152562816,-26.63486041726323,0.912414379544733,0.912414379544733
16.89256601672603,-26.43639923004736,0.9013878188659974,0.9013878188659974
16.85796138206353,-26.238908818058217,0.9340770846134703,0.9340770846134703
16.832809939518096,-26.03992397544233,0.9055385138137417,0.9055385138137417
16.796621202095533,-25.84265074618448,0.9,0.9
16.764887107176257,-25.644639295138727,0.9219544457292888,0.9219544457292888
16.73825322775812,-25.445912693238483,0.9055385138137417,0.9055385138137417
16.70130698727815,-25.248818748924688,0.9340770846134703,0.9340770846134703
16.678002622569778,-25.04958124262856,0.912414379544733,0.912414379544733
16.643995641536375,-24.852063723667705,0.9,0.9
16.615334004381918,-24.65361374837897,0.9219544457292888,0.9219544457292888
16.577772596698626,-24.456591426484692,0.9055385138137417,0.9055385138137417
16.55066648772391,-24.257926587639666,0.9486832980505139,0.9486832980505139
16.523089164124727,-24.059267654480685,0.912414379544733,0.912414379544733
16.48747090742371,-23.861893324987406,0.9013878188659974,0.9013878188659974
16.45931375996572,-23.663313311731113,0.9340770846134703,0.9340770846134703
16.425692680518576,-23.46560487361567,0.912414379544733,0.912414379544733
16.396205607631714,-23.267263084472884,0.9,0.9
16.36391248718659,-23.069441440792847,0.9219544457292888,0.9219544457292888
16.33719762414221,-22.87067350584655,0.9055385138137417,0.9055385138137417
16.30222482913178,-22.673170538859907,0.9486832980505139,0.9486832980505139
16.269637477235577,-22.475294926290317,0.9219544457292888,0.9219544457292888
16.24560552147598,-22.276350835116645,0.9013878188659974,0.9013878188659974
16.215241617146848,-22.07815699266102,0.9340770846134703,0.9340770846134703
16.178091957016814,-21.881113536420624,0.912414379544733,0.912414379544733
16.14858981245601,-21.6827277705477,0.9013878188659974,0.9013878188659974
16.11706342950328,-21.48467333059045,0.9340770846134703,0.9340770846134703
16.088072918964144,-21.286269146654984,0.9055385138137417,0.9055385138137417
16.05880963793504,-21.08784707928668,0.9486832980505139,0.9486832980505139
16.025812417152803,-20.89001702180969,0.9219544457292888,0.9219544457292888
15.995265389816511,-20.69180251572693,0.9055385138137417,0.9055385138137417
15.959446239898002,-20.494480700115794,0.9486832980505139,0.9486832980505139
15.915604427925077,-20.29921618936818,0.9340770846134703,0.9340770846134703
15.827562365117762,-20.10983862998304,0.894427190999916,0.894427190999916
15.711990139625476,-19.928557302314914,0.9219544457292888,0.9219544457292888
15.572142889723427,-19.76509429492733,0.9219544457292888,0.9219544457292888
15.411275753686795,-19.62917169638376,0.9617692030835672,0.9617692030835672
15.232643869790795,-19.530511595247717,0.982344135219425,0.982344135219425
15.039506295309403,-19.478861186763286,0.95524865872714,0.95524865872714
14.83944139757633,-19.47378529269277,0.9962429422585638,0.9962429422585638
14.639453028784308,-19.463570793773066,1.0,1.0
14.438817710273067,-19.468249149584942,0.9962429422585638,0.9962429422585638
14.340415265471632,-19.31743137436157,0.9340770846134703,0.9340770846134703
14.269955327071907,-19.13124098516781,0.9340770846134703,0.9340770846134703
14.22131652512219,-18.936659542443167,0.9219544457292888,0.9219544457292888
14.17805834257278,-18.740905773656046,0.912414379544733,0.912414379544733
14.13552285868944,-18.545095561997556,0.9,0.9
14.107882254211606,-18.34687858504264,0.9219544457292888,0.9219544457292888
14.084305344007033,-18.147570939419477,0.9,0.9
14.059682260426435,-17.949056380059314,0.9219544457292888,0.9219544457292888
14.040943708962343,-17.74944021427219,0.9013878188659974,0.9013878188659974
14.006386053515643,-17.55180199670742,0.9219544457292888,0.9219544457292888
13.983546729693648,-17.35255501985237,0.9,0.9
13.949355527440167,-17.155114000441593,0.873212459828649,0.873212459828649
13.928955031964483,-16.956674428972434,0.9,0.9
13.942825337209419,-16.758663808660437,0.9013878188659974,0.9013878188659974
14.00589686361749,-16.568366865565338,0.9192388155425117,0.9192388155425117
14.076508170054122,-16.38068867390298,0.894427190999916,0.894427190999916
14.148607433790948,-16.193518414846324,0.873212459828649,0.873212459828649
14.223763685094356,-16.00792026242595,0.9178779875342911,0.9178779875342911
14.31616314731302,-15.829916835878239,0.9178779875342911,0.9178779875342911
14.401892252756957,-15.648505051892514,0.9340770846134703,0.9340770846134703
14.474152702939422,-15.461527076293905,0.9340770846134703,0.9340770846134703
14.526048690027181,-15.26745197968789,0.9219544457292888,0.9219544457292888
14.548098246240606,-15.068426555862562,0.9,0.9
14.550328605089307,-14.867734266768718,0.9500000000000001,0.9500000000000001
14.546221975626363,-14.66767413090704,0.9013878188659974,0.9013878188659974
14.502366452635496,-14.471138589430003,0.9340770846134703,0.9340770846134703
14.4693745287024,-14.273409204478003,0.912414379544733,0.912414379544733
14.44375977410407,-14.074593844910364,0.9,0.9
14.411156877188079,-13.8766948386458,0.9219544457292888,0.9219544457292888
14.387256582037068,-13.677923907361162,0.9,0.9
14.357170029867333,-13.479713782080726,0.9219544457292888,0.9219544457292888
14.336202648443523,-13.280226804906366,0.9013878188659974,0.9013878188659974
14.304287568987508,-13.082229955868371,0.9340770846134703,0.9340770846134703
14.283247934392216,-12.882827646765014,0.9013878188659974,0.9013878188659974
14.252369854805433,-12.684895351546258,0.9340770846134703,0.9340770846134703
14.23512203129495,-12.48499270612867,0.9055385138137417,0.9055385138137417
14.196521100047608,-12.28816681174637,0.9,0.9
14.178788867005562,-12.088631258453448,0.9055385138137417,0.9055385138137417
14.14446676803365,-11.890993324008413,0.9,0.9
14.118781469178778,-11.6921164483307,0.912414379544733,0.912414379544733
14.089005880572174,-11.493849001502614,0.9,0.9
14.065946051049828,-11.29460168702832,0.9219544457292888,0.9219544457292888
14.039546666614065,-11.095837793252159,0.9,0.9
14.014142513769007,-10.897099060278116,0.9219544457292888,0.9219544457292888
13.990548036966434,-10.69810273476244,0.9013878188659974,0.9013878188659974
13.958772546298828,-10.500194487182716,0.9219544457292888,0.9219544457292888
13.936958086224228,-10.300865343142277,0.9,0.9
13.906062542329712,-10.102697461320766,0.9219544457292888,0.9219544457292888
13.880383278613591,-9.903784530287675,0.9013878188659974,0.9013878188659974
13.850367872085759,-9.705476491631698,0.9340770846134703,0.9340770846134703
13.817834556910881,-9.507585634166054,0.912414379544733,0.912414379544733
13.784775379393004,-9.309773447283852,0.9013878188659974,0.9013878188659974
13.750313224222994,-9.112234185023068,0.9340770846134703,0.9340770846134703
13.717047754086934,-8.914444395165573,0.912414379544733,0.912414379544733
13.680073369667365,-8.717331518015666,0.9013878188659974,0.9013878188659974
13.650011881509004,-8.51903341017022,0.9219544457292888,0.9219544457292888
13.615976821988408,-8.321379851204354,0.912414379544733,0.912414379544733
13.579634867137724,-8.124140109093926,0.9055385138137417,0.9055385138137417
13.545224729656123,-7.926550752953022,0.9,0.9
13.513657173682477,-7.728486968342559,0.9219544457292888,0.9219544457292888
13.479426399325703,-7.530867048962262,0.9055385138137417,0.9055385138137417
13.44807596093783,-7.332769916720075,0.9,0.9
13.412919523906364,-7.135322792076401,0.9219544457292888,0.9219544457292888
13.382309179327317,-6.937126874985536,0.9055385138137417,0.9055385138137417
13.347860832977567,-6.739549803772116,0.9,0.9
13.314567695605703,-6.541779180241216,0.9219544457292888,0.9219544457292888
13.270279019036415,-6.346172393623134,0.9055385138137417,0.9055385138137417
13.22377652685374,-6.151059625663336,0.8860022573334675,0.8860022573334675
13.161118013795681,-5.960643950246879,0.9013878188659974,0.9013878188659974
13.077713062917324,-5.77827843540741,0.894427190999916,0.894427190999916
12.97896357725823,-5.603757516209942,0.890224690738243,0.890224690738243
12.864093467333642,-5.439387786195602,0.890224690738243,0.890224690738243
12.734077743993225,-5.286640381515259,0.9192388155425117,0.9192388155425117
12.59021203218487,-5.147037787699325,0.9178779875342911,0.9178779875342911
12.433176793641902,-5.021987172116244,0.9219544457292888,0.9219544457292888
12.261766262143487,-4.918081237748097,0.9178779875342911,0.9178779875342911
12.080042668113594,-4.833205374284983,0.9178779875342911,0.9178779875342911
11.89258637992766,-4.761940488603468,0.9340770846134703,0.9340770846134703
11.701629200677106,-4.700614934156518,0.9340770846134703,0.9340770846134703
11.508811274173222,-4.64541957701415,0.8860022573334675,0.8860022573334675
11.31411396795771,-4.597288050234418,0.8860022573334675,0.8860022573334675
11.119645371145417,-4.5482262525571295,0.8860022573334675,0.8860022573334675
10.924846911383854,-4.500492920527231,0.9219544457292888,0.9219544457292888
10.728423013788312,-4.45998938087241,0.9219544457292888,0.9219544457292888
10.531520523365964,-4.421870607893034,0.912414379544733,0.912414379544733
10.335006225873984,-4.381908358682011,0.9055385138137417,0.9055385138137417
10.137335976621433,-4.347982441630212,0.9,0.9
9.939695251239362,-4.314072371524197,0.9219544457292888,0.9219544457292888
9.741341341607129,-4.284814039094914,0.9013878188659974,0.9013878188659974
9.542527113044866,-4.259096031142384,0.9340770846134703,0.9340770846134703
9.344393409304503,-4.228175992103134,0.9055385138137417,0.9055385138137417
9.145427809445925,-4.204012302963732,0.9219544457292888,0.9219544457292888
8.948643815390342,-4.165348681357163,0.912414379544733,0.912414379544733
8.748553046146379,-4.153848752722396,0.9340770846134703,0.9340770846134703
8.551461750914982,-4.120990210928376,0.9013878188659974,0.9013878188659974
8.351615983107623,-4.102101984977629,0.9340770846134703,0.9340770846134703
8.151965029296772,-4.08921050549092,0.9,0.9
7.953864828887566,-4.057607124382698,0.9219544457292888,0.9219544457292888
7.7536665553341315,-4.0489884763186454,0.9,0.9
7.553794731530941,-4.043276874952781,0.9,0.9
7.356097034162769,-4.011740268460316,0.9219544457292888,0.9219544457292888
7.155906226808801,-4.000416232933544,0.9500000000000001,0.9500000000000001
6.955490487596862,-4.003040163860882,0.9340770846134703,0.9340770846134703
6.757557687035202,-3.9723576183969236,0.912414379544733,0.912414379544733
6.557537056549166,-3.956121443851515,0.9500000000000001,0.9500000000000001
6.357236471718961,-3.9488842519228164,0.9,0.9
6.15696432730833,-3.9616171685990436,0.9500000000000001,0.9500000000000001
5.958698793852711,-4.010009757234105,0.9219544457292888,0.9219544457292888
5.768187257939121,-4.08771591770108,0.9394147114027969,0.9394147114027969
5.591652924174102,-4.192230575250811,0.9219544457292888,0.9219544457292888
5.435318997164273,-4.32104865513411,0.890224690738243,0.890224690738243
5.313010337709339,-4.479396462146441,0.9192388155425117,0.9192388155425117
5.162090923767245,-4.610760338261462,0.9219544457292888,0.9219544457292888
4.994943725342205,-4.721153781885714,0.894427190999916,0.894427190999916
4.808382996345788,-4.7945897087620475,0.8860022573334675,0.8860022573334675
4.615885615348973,-4.8489600809430184,0.8860022573334675,0.8860022573334675
4.418109898043811,-4.882235268345336,0.9013878188659974,0.9013878188659974
4.219252777189879,-4.908114891724307,0.9219544457292888,0.9219544457292888
4.020612549330811,-4.935269702145595,0.9,0.9
3.8238110836343955,-4.973662914438207,0.9055385138137417,0.9055385138137417
3.6254061796287114,-5.002964639778972,0.9340770846134703,0.9340770846134703
3.4266487692445433,-5.029822299706416,0.9013878188659974,0.9013878188659974
3.22854631472353,-5.061033768296244,0.912414379544733,0.912414379544733
3.029745236909772,-5.087552201153751,0.9,0.9
2.8319816211675124,-5.120935011621428,0.9055385138137417,0.9055385138137417
2.633388046609207,-5.148714888483105,0.8860022573334675,0.8860022573334675
2.435058057048196,-5.178075800802396,0.9013878188659974,0.9013878188659974
2.236843953993833,-5.2074339838879045,0.912414379544733,0.912414379544733
2.0384534235377254,-5.236942780573584,0.9,0.9
1.8404964634252372,-5.269124166593774,0.9055385138137417,0.9055385138137417
1.6420617812534823,-5.296897362998409,0.8860022573334675,0.8860022573334675
1.4435024017701983,-5.324930908375705,0.9013878188659974,0.9013878188659974
1.2460393638269132,-5.359570971804007,0.912414379544733,0.912414379544733
1.0475393244293547,-5.388030315381336,0.9,0.9
0.8487075844102447,-5.414734974257839,0.9055385138137417,0.9055385138137417
0.6513577492137675,-5.449127901913968,0.9,0.9
0.4520026030257481,-5.472099057556554,0.9055385138137417,0.9055385138137417
0.25536359835438843,-5.510709189062522,0.9219544457292888,0.9219544457292888
0.057606681405609886,-5.542449234569159,0.9,0.9
-0.140524234714935,-5.521854047418018,0.9013878188659974,0.9013878188659974
-0.3391279766435256,-5.499657999976273,0.8860022573334675,0.8860022573334675
-0.5338886408602064,-5.452561191386365,0.9340770846134703,0.9340770846134703
-0.7252516831986132,-5.392556113115598,0.9013878188659974,0.9013878188659974
-0.9156831177553026,-5.329646728612899,0.9192388155425117,0.9192388155425117
-1.103843280034461,-5.260227859381311,0.9192388155425117,0.9192388155425117
-1.2876332442920142,-5.180012078022211,0.9178779875342911,0.9178779875342911
-1.467790090535361,-5.091870237700012,0.9178779875342911,0.9178779875342911
-1.647389391022981,-5.0025960032143075,0.9394147114027969,0.9394147114027969
-1.825506335181315,-4.910418216977893,0.9300537618869138,0.9300537618869138
-2.0019186642749567,-4.814993320409314,0.9178779875342911,0.9178779875342911
-2.1845039797360712,-4.7323312788759555,0.9013878188659974,0.9013878188659974
-2.3758203668852786,-4.6715176528814375,0.912414379544733,0.912414379544733
-2.57205658970718,-4.630382763025978,0.9013878188659974,0.9013878188659974
-2.7710398745777476,-4.604981424657626,0.9340770846134703,0.9340770846134703
-2.9714906669082106,-4.599073951712918,0.9,0.9
-3.172030449609266,-4.597170279214385,0.9,0.9
-3.372605113083966,-4.604750982729438,0.9219544457292888,0.9219544457292888
-3.571124859187122,-4.632741117064878,0.9,0.9
-3.768557049821638,-4.667822318077601,0.9055385138137417,0.9055385138137417
-3.9642894512685967,-4.711689070100728,0.912414379544733,0.912414379544733
-4.156837949176288,-4.767763659228248,0.9013878188659974,0.9013878188659974
-4.348370577244316,-4.827341708667249,0.912414379544733,0.912414379544733
-4.535798875189936,-4.89852524380143,0.8860022573334675,0.8860022573334675
-4.718343135510239,-4.9816040960890255,0.894427190999916,0.894427190999916
-4.896567764887913,-5.073620740939728,0.9178779875342911,0.9178779875342911
-5.066580494916383,-5.179980764372592,0.890224690738243,0.890224690738243
-5.235011943028034,-5.288864951143469,0.890224690738243,0.890224690738243
-5.402471426350776,-5.399236394561016,0.8602325267042628,0.8602325267042628
-5.5662306726097714,-5.515001359308924,0.9013878188659974,0.9013878188659974
-5.72569425542479,-5.63665065593842,0.8845903006477066,0.8845903006477066
-5.8836661514997735,-5.760221364923378,0.9178779875342911,0.9178779875342911
-6.038874764240696,-5.8872366393018325,0.890224690738243,0.890224690738243
-6.187344364001122,-6.02207042298049,0.9192388155425117,0.9192388155425117
-6.33335511978065,-6.159571286711572,0.9192388155425117,0.9192388155425117
-6.477838749479933,-6.2986749684266,0.8845903006477066,0.8845903006477066
-6.6201864437603515,-6.43996310049112,0.8845903006477066,0.8845903006477066
-6.759983112108074,-6.583771880793042,0.8845903006477066,0.8845903006477066
-6.8963152398127265,-6.730874288375712,0.9192388155425117,0.9192388155425117
-7.027917057078233,-6.882219107358163,0.890224690738243,0.890224690738243
-7.1537583502120405,-7.038379717606769,0.8746427842267951,0.8746427842267951
-7.274122721281084,-7.198802336327037,0.8845903006477066,0.8845903006477066
-7.39114548791744,-7.361682178430932,0.9178779875342911,0.9178779875342911
-7.503490079656686,-7.5278217085989105,0.8746427842267951,0.8746427842267951
-7.61091315402214,-7.69718630718711,0.8746427842267951,0.8746427842267951
-7.717067771678098,-7.867352950289122,0.894427190999916,0.894427190999916
-7.826735752766528,-8.035273172250303,0.890224690738243,0.890224690738243
-7.937539301978523,-8.202450819627371,0.9178779875342911,0.9178779875342911
-8.04786623454947,-8.369942848297175,0.9178779875342911,0.9178779875342911
-8.156590430762481,-8.53847915858418,0.8746427842267951,0.8746427842267951
-8.262124601647276,-8.709032963046372,0.894427190999916,0.894427190999916
-8.361817524138154,-8.883056729689152,0.890224690738243,0.890224690738243
-8.460757233123172,-9.057515991168174,0.894427190999916,0.894427190999916
-8.562086604888576,-9.230597314625394,0.890224690738243,0.890224690738243
-8.656838042244793,-9.40734708855991,0.894427190999916,0.894427190999916
-8.741438047396143,-9.589180177765554,0.9178779875342911,0.9178779875342911
-8.820693638245217,-9.77342052062103,0.9013878188659974,0.9013878188659974
-8.897105366214847,-9.958850920484387,0.9340770846134703,0.9340770846134703
-8.966037089494407,-10.14719150954219,0.8860022573334675,0.8860022573334675
-9.027918115190783,-10.337956834373628,0.9013878188659974,0.9013878188659974
-9.096304238830054,-10.526450584192437,0.9192388155425117,0.9192388155425117
-9.1818516274368,-10.707618870695015,0.9300537618869138,0.9300537618869138
-9.28792914138853,-10.87732568862845,0.95524865872714,0.95524865872714
-9.416673372970662,-11.030743604817193,0.95524865872714,0.95524865872714
-9.573079608438459,-11.155600009406049,0.9861541461658011,0.9861541461658011
-9.744423802099835,-11.259522789121197,1.0124228365658294,1.0124228365658294
-9.929134183414531,-11.337215450752247,1.0111874208078342,1.0111874208078342
-10.12625014465728,-11.37027003203833,1.05,1.05
-10.326736681408539,-11.369848047639085,1.0606601717798214,1.0606601717798214
-10.52474012476586,-11.352418408598595,1.0920164833920778,1.0920164833920778
-10.712661919195192,-11.282537645897023,1.0977249200050074,1.0977249200050074
-10.87719918610637,-11.169375440415095,1.0547511554864495,1.0547511554864495
-11.005867844692322,-11.015846197721615,1.0062305898749055,1.0062305898749055
-11.115431235969107,-10.848076152099441,0.982344135219425,0.982344135219425
-11.186936152452919,-10.660831079752368,0.97082439194738,0.97082439194738
-11.236268550435906,-10.466526355505666,0.9500000000000001,0.9500000000000001
-11.24643494446405,-10.266734444418036,0.9500000000000001,0.9500000000000001
-11.247588031156697,-10.066212027467746,0.9500000000000001,0.9500000000000001
-11.25970154220451,-9.866032074457216,0.9,0.9
-11.270616437333715,-9.665821891283606,0.9,0.9
-11.281569008724167,-9.46556436292154,0.9,0.9
-11.30086765041661,-9.265958904251328,0.873212459828649,0.873212459828649
-11.302308693177315,-9.06547982723192,0.9,0.9
-11.309377389405133,-8.86506686634453,0.9,0.9
-11.323071210893858,-8.6649103820502,0.9,0.9
-11.324238205769298,-8.464358952536196,0.9,0.9
-11.325194799082963,-8.263798682807012,0.9,0.9
-11.32640482067365,-8.063238612086673,0.9,0.9
-11.326140043160004,-7.862675635016335,0.9,0.9
-11.323054803061792,-7.662132047179943,0.9,0.9
-11.331134876287786,-7.46175722185751,0.9,0.9
-11.344470258123895,-7.261618564406541,0.9,0.9
-11.35580846692513,-7.061399531399932,0.8500000000000001,0.8500000000000001
-11.369528703744434,-6.861352211295524,0.8631338250816034,0.8631338250816034
-11.37443872064813,-6.660860389569224,0.9,0.9
-11.375798394967614,-6.460301941970753,0.9,0.9
-11.376792430286372,-6.259740739561203,0.9,0.9
-11.377248329656078,-6.059177891849701,0.9,0.9
-11.37634743964816,-5.858616555537372,0.9,0.9
-11.373961880031153,-5.658067474292373,0.9,0.9
-11.370626296597361,-5.457532738101722,0.9,0.9
-11.36520777816063,-5.25705897135766,0.9,0.9
-11.360470907592623,-5.0567257834066455,0.9,0.9
-11.380696442627054,-4.858916213050619,0.9,0.9
-11.339185281400038,-4.662674069629678,0.95524865872714,0.95524865872714
-11.283713464686972,-4.470628690925868,1.004987562112089,1.004987562112089
-11.18905749885634,-4.294470581656883,1.051189802081432,1.051189802081432
-11.06743386374206,-4.135638101708354,1.0547511554864495,1.0547511554864495
-10.913607438961096,-4.007772538025943,1.0594810050208545,1.0594810050208545
-10.736304438522382,-3.915538012573076,1.0,1.0
-10.545864777167814,-3.8553149047321913,0.9500000000000001,0.9500000000000001
-10.347767420102779,-3.834804822381542,0.8631338250816034,0.8631338250816034
-10.148259941046673,-3.8168070201004127,0.8139410298049854,0.8139410298049854
-9.948165647527073,-3.823717415203596,0.8,0.8
-9.748373841622048,-3.8350673036943452,0.8,0.8
-9.547953884873195,-3.8246215627568367,0.8,0.8
-9.347530672895465,-3.8114687313048514,0.8015609770940699,0.8015609770940699
-9.145645349076663,-3.7972532411050604,0.7905694150420949,0.7905694150420949
-8.967236461057135,-3.7098712911497946,0.7905694150420949,0.7905694150420949
-8.80979391671104,-3.590934679709808,0.7158910531638177,0.7158910531638177
-8.616735288694478,-3.52407197173665,0.7810249675906654,0.7810249675906654
-8.421599794542104,-3.4596095167707985,0.8845903006477066,0.8845903006477066
-8.258975353945994,-3.3469482044854395,0.8845903006477066,0.8845903006477066
-8.111282523531747,-3.211130851119358,0.9178779875342911,0.9178779875342911
-7.961031423073685,-3.078274292714303,0.8845903006477066,0.8845903006477066
-7.81010553746792,-2.946187309700298,0.8845903006477066,0.8845903006477066
-7.65719389599647,-2.816408785575682,0.890224690738243,0.890224690738243
-7.500810719117235,-2.690838694953098,0.8746427842267951,0.8746427842267951
-7.341546548326656,-2.5689368843594065,0.9178779875342911,0.9178779875342911
-7.18053680833947,-2.44934896840692,0.8845903006477066,0.8845903006477066
-7.017726162915939,-2.3322277169742587,0.890224690738243,0.890224690738243
-6.852080828522527,-2.2191535005578364,0.890224690738243,0.890224690738243
-6.684525996932224,-2.1089232351515537,0.9178779875342911,0.9178779875342911
-6.515945681597933,-2.0002658295723545,0.9178779875342911,0.9178779875342911
-6.346620641193867,-1.8927787983480333,0.894427190999916,0.894427190999916
-6.17389715176094,-1.7908558843603206,0.890224690738243,0.890224690738243
-5.997299806861491,-1.695795574559733,0.894427190999916,0.894427190999916
-5.8193338216563815,-1.6033085530108828,0.9178779875342911,0.9178779875342911
-5.641963770513434,-1.509683384467124,0.9178779875342911,0.9178779875342911
-5.463080415512478,-1.418987562643001,0.894427190999916,0.894427190999916
-5.2807381777239275,-1.3356026316436718,0.894427190999916,0.894427190999916
-5.096383555949076,-1.2566178417621068,0.9192388155425117,0.9192388155425117
-4.913361823647719,-1.174665352958904,0.894427190999916,0.894427190999916
-4.72501695703834,-1.1063629167697187,0.9192388155425117,0.9192388155425117
-4.537111373724624,-1.0363270997120875,0.894427190999916,0.894427190999916
-4.350477725385309,-0.9630780931983888,0.9013878188659974,0.9013878188659974
-4.157423824994689,-0.9087778803628631,0.912414379544733,0.912414379544733
-3.9647053782328263,-0.8533691700197003,0.9192388155425117,0.9192388155425117
-3.769977276485682,-0.8052515974835045,0.9219544457292888,0.9219544457292888
-3.5757005631753587,-0.7554334184860925,0.9219544457292888,0.9219544457292888
-3.3798448153237026,-0.7122743219256387,0.912414379544733,0.912414379544733
-3.1842100431180325,-0.668129579814628,0.912414379544733,0.912414379544733
-2.9891312281059172,-0.6215576591082824,0.912414379544733,0.912414379544733
-2.793198479929053,-0.5787403119426148,0.9055385138137417,0.9055385138137417
-2.597067127243978,-0.5368624043657565,0.9013878188659974,0.9013878188659974
-2.40254137752587,-0.48802475045117544,0.8860022573334675,0.8860022573334675
-2.2074332119969107,-0.44168562120992355,0.8860022573334675,0.8860022573334675
-2.0114290492932074,-0.3992496678348415,0.873212459828649,0.873212459828649
-1.8156428629835197,-0.3557287335221972,0.9219544457292888,0.9219544457292888
-1.6196006545029777,-0.31339181628504637,0.912414379544733,0.912414379544733
-1.4229352955633718,-0.27404104299347043,0.9055385138137417,0.9055385138137417
-1.2261043060702428,-0.23553133257286876,0.9013878188659974,0.9013878188659974
-1.0294354295903967,-0.19620958512266962,0.8860022573334675,0.8860022573334675
-0.8330055568847904,-0.15570384301788853,0.9219544457292888,0.9219544457292888
-0.6359411538626688,-0.1184040203789332,0.912414379544733,0.912414379544733
-0.43969926956247707,-0.07702743355373189,0.9055385138137417,0.9055385138137417
-0.24262059659541166,-0.04049143100869276,0.9,0.9
